# NodeDwarves training debug log
start_time=2026-01-26 21:08:54
config=config.json
settings episodes=50000 max_steps=900 step_ticks=5 batch_episodes=8 workers=8 gamma=0.99 gae_lambda=0.95 clip_range=0.2 entropy_coef=0.005 value_coef=0.5 lr=0.0003 lr_final=0.0001 difficulty_start=0.08 difficulty_end=1.0 difficulty_ramp=50000 min_weight=0.0 max_weight=2.0
resources=food_raw stone water wood
scenarios=baseline:0.15 water_scarce:0.25 food_scarce:0.20 low_stockpile:0.20 housing_pressure:0.20
eval_scenarios=baseline water_scarce food_scarce low_stockpile housing_pressure
log_every_console=1000 log_every_file=500

# Legend (all values are averaged over each file window)
# Summary.avg_reward: mean episode reward in the window.
# Summary.avg_steps: mean episode steps in the window.
# Summary.avg_births: mean births per episode in the window.
# Summary.avg_deaths: mean deaths per episode in the window.
# Summary.lr: optimizer learning rate at log time.
# Summary.difficulty: curriculum difficulty factor (0..1).
# Summary.tick: last tick observed in the window.
# Summary.pop: population at the last tick in the window.
# Scenario mix.<name>: scenario counts and share within the window.
# Stockpile.avg: mean of stockpile ratios across resources.
# Stockpile.min: minimum stockpile ratio across resources.
# Stockpile.<resource>: current/target ratio per resource.
# Nodes.<resource>: remaining/total capacity ratio per resource node.
# Needs.<need>: average need value (0..1).
# Housing.houses: total houses.
# Housing.beds: total bed capacity.
# Housing.ratio: beds/population ratio.
# Housing.unsheltered: fraction of population without beds.
# Reproduction.ticks: ticks accumulated in the window.
# Reproduction.couples_per_tick: average couples per tick.
# Reproduction.fertile_per_tick: average fertile adults per tick.
# Reproduction.pregnancies_per_tick: average pregnancies per tick.
# Reproduction.cooldowns_per_tick: average cooldowns per tick.
# Reproduction.chance: average conception chance per tick.
# Reproduction.resource_factor: average resource factor for conception.
# Reproduction.crowding_factor: average crowding factor for conception.
# Reproduction.morale_factor: average morale factor for conception.
# Reproduction.season_factor: average season factor for conception.
# Reproduction.attempts: average attempts per episode.
# Reproduction.successes: average successes per episode.
# Reproduction.blocked.<reason>: average blocked counts per episode.
# Merchant.trades_per_tick: average trades per tick.
# Merchant.given_per_tick.<resource>: average units given per tick.
# Merchant.received_per_tick.<resource>: average units received per tick.
# Fields.nodes: count of field nodes.
# Fields.node_ratio: remaining/total capacity ratio for field nodes.
# Fields.water_ratio: water stockpile ratio used for irrigation.
# Fields.irrigation: irrigation multiplier.
# Fields.season: seasonal multiplier applied to field regen.
# Fields.regen: irrigation * season multiplier.
# Signals.critical_needs: fraction of dwarves at critical needs.
# Signals.idle_adults: fraction of idle adults.

=== episode=500 window=1-500 count=500 ===
Summary:
  avg_reward: 2931.34
  avg_steps: 900.0
  avg_births: 160.36
  avg_deaths: 17.03
  lr: 0.000298
  difficulty: 0.09
  tick: 4645
  pop: 123
Scenario mix:
  baseline        : 76 (15.2%)
  food_scarce     : 104 (20.8%)
  housing_pressure: 111 (22.2%)
  low_stockpile   : 100 (20.0%)
  water_scarce    : 109 (21.8%)
Stockpile ratios:
  avg: 0.93
  min: 0.74
  food_raw: 0.96
  stone   : 0.99
  water   : 0.79
  wood    : 0.98
Nodes ratio:
  food_raw: 0.79
  stone   : 0.96
  water   : 0.40
  wood    : 0.96
Needs avg:
  hunger: 0.15
  thirst: 0.16
Housing:
  houses: 65
  beds: 132
  ratio: 0.86
  unsheltered: 0.15
Reproduction:
  ticks: 4500
  couples_per_tick: 23.28
  fertile_per_tick: 58.86
  pregnancies_per_tick: 1.76
  cooldowns_per_tick: 4.93
  chance: 0.0025
  resource_factor: 0.81
  crowding_factor: 0.42
  morale_factor: 0.90
  season_factor: 0.93
  attempts: 76970
  successes: 163
  blocked:
    infertile: 4805
    pregnant: 7897
    cooldown: 10954
    no_resources: 0
    no_housing: 0
    chance: 76807
Merchant:
  trades_per_tick: 0.04
  given_per_tick:
    food_raw: 0.01
    stone   : 0.01
    water   : 0.00
    wood    : 0.01
  received_per_tick:
    food_raw: 0.01
    stone   : 0.00
    water   : 0.02
    wood    : 0.01
Fields:
  nodes: 0
  node_ratio: 0.98
  water_ratio: 0.79
  irrigation: 0.88
  season: 0.89
  regen: 0.80
Signals:
  critical_needs: 0.00
  idle_adults: 0.25

=== episode=1000 window=501-1000 count=500 ===
Summary:
  avg_reward: 2911.24
  avg_steps: 900.0
  avg_births: 160.68
  avg_deaths: 17.60
  lr: 0.000296
  difficulty: 0.10
  tick: 4718
  pop: 187
Scenario mix:
  baseline        : 84 (16.8%)
  food_scarce     : 95 (19.0%)
  housing_pressure: 79 (15.8%)
  low_stockpile   : 113 (22.6%)
  water_scarce    : 129 (25.8%)
Stockpile ratios:
  avg: 0.93
  min: 0.74
  food_raw: 0.97
  stone   : 0.99
  water   : 0.79
  wood    : 0.99
Nodes ratio:
  food_raw: 0.80
  stone   : 0.97
  water   : 0.38
  wood    : 0.95
Needs avg:
  hunger: 0.15
  thirst: 0.16
Housing:
  houses: 64
  beds: 131
  ratio: 0.86
  unsheltered: 0.15
Reproduction:
  ticks: 4500
  couples_per_tick: 23.27
  fertile_per_tick: 58.71
  pregnancies_per_tick: 1.76
  cooldowns_per_tick: 4.94
  chance: 0.0025
  resource_factor: 0.81
  crowding_factor: 0.42
  morale_factor: 0.90
  season_factor: 0.93
  attempts: 76775
  successes: 163
  blocked:
    infertile: 4746
    pregnant: 7912
    cooldown: 10975
    no_resources: 0
    no_housing: 0
    chance: 76612
Merchant:
  trades_per_tick: 0.04
  given_per_tick:
    food_raw: 0.01
    stone   : 0.02
    water   : 0.00
    wood    : 0.01
  received_per_tick:
    food_raw: 0.01
    stone   : 0.00
    water   : 0.02
    wood    : 0.01
Fields:
  nodes: 0
  node_ratio: 0.99
  water_ratio: 0.79
  irrigation: 0.88
  season: 0.90
  regen: 0.79
Signals:
  critical_needs: 0.00
  idle_adults: 0.26

=== episode=1500 window=1001-1500 count=500 ===
Summary:
  avg_reward: 2939.21
  avg_steps: 900.0
  avg_births: 162.07
  avg_deaths: 17.23
  lr: 0.000294
  difficulty: 0.11
  tick: 5143
  pop: 117
Scenario mix:
  baseline        : 78 (15.6%)
  food_scarce     : 99 (19.8%)
  housing_pressure: 115 (23.0%)
  low_stockpile   : 93 (18.6%)
  water_scarce    : 115 (23.0%)
Stockpile ratios:
  avg: 0.93
  min: 0.74
  food_raw: 0.97
  stone   : 0.99
  water   : 0.77
  wood    : 0.99
Nodes ratio:
  food_raw: 0.79
  stone   : 0.96
  water   : 0.38
  wood    : 0.96
Needs avg:
  hunger: 0.15
  thirst: 0.17
Housing:
  houses: 65
  beds: 132
  ratio: 0.85
  unsheltered: 0.16
Reproduction:
  ticks: 4500
  couples_per_tick: 23.45
  fertile_per_tick: 59.54
  pregnancies_per_tick: 1.78
  cooldowns_per_tick: 4.98
  chance: 0.0025
  resource_factor: 0.81
  crowding_factor: 0.42
  morale_factor: 0.91
  season_factor: 0.93
  attempts: 77738
  successes: 164
  blocked:
    infertile: 4813
    pregnant: 7976
    cooldown: 11069
    no_resources: 0
    no_housing: 0
    chance: 77574
Merchant:
  trades_per_tick: 0.04
  given_per_tick:
    food_raw: 0.01
    stone   : 0.02
    water   : 0.00
    wood    : 0.01
  received_per_tick:
    food_raw: 0.01
    stone   : 0.00
    water   : 0.02
    wood    : 0.01
Fields:
  nodes: 0
  node_ratio: 0.98
  water_ratio: 0.77
  irrigation: 0.87
  season: 0.91
  regen: 0.80
Signals:
  critical_needs: 0.01
  idle_adults: 0.26

=== episode=2000 window=1501-2000 count=500 ===
Summary:
  avg_reward: 2936.93
  avg_steps: 900.0
  avg_births: 161.30
  avg_deaths: 17.03
  lr: 0.000292
  difficulty: 0.12
  tick: 4925
  pop: 119
Scenario mix:
  baseline        : 65 (13.0%)
  food_scarce     : 112 (22.4%)
  housing_pressure: 105 (21.0%)
  low_stockpile   : 90 (18.0%)
  water_scarce    : 128 (25.6%)
Stockpile ratios:
  avg: 0.93
  min: 0.75
  food_raw: 0.97
  stone   : 0.99
  water   : 0.79
  wood    : 0.98
Nodes ratio:
  food_raw: 0.79
  stone   : 0.97
  water   : 0.37
  wood    : 0.96
Needs avg:
  hunger: 0.15
  thirst: 0.17
Housing:
  houses: 64
  beds: 131
  ratio: 0.85
  unsheltered: 0.16
Reproduction:
  ticks: 4500
  couples_per_tick: 23.47
  fertile_per_tick: 59.51
  pregnancies_per_tick: 1.77
  cooldowns_per_tick: 4.96
  chance: 0.0025
  resource_factor: 0.81
  crowding_factor: 0.42
  morale_factor: 0.91
  season_factor: 0.93
  attempts: 77737
  successes: 163
  blocked:
    infertile: 4780
    pregnant: 7943
    cooldown: 11016
    no_resources: 0
    no_housing: 0
    chance: 77573
Merchant:
  trades_per_tick: 0.04
  given_per_tick:
    food_raw: 0.01
    stone   : 0.02
    water   : 0.00
    wood    : 0.01
  received_per_tick:
    food_raw: 0.01
    stone   : 0.00
    water   : 0.02
    wood    : 0.01
Fields:
  nodes: 0
  node_ratio: 0.99
  water_ratio: 0.79
  irrigation: 0.88
  season: 0.91
  regen: 0.81
Signals:
  critical_needs: 0.00
  idle_adults: 0.27

=== episode=2500 window=2001-2500 count=500 ===
Summary:
  avg_reward: 2931.54
  avg_steps: 900.0
  avg_births: 162.31
  avg_deaths: 16.97
  lr: 0.000290
  difficulty: 0.13
  tick: 4546
  pop: 66
Scenario mix:
  baseline        : 83 (16.6%)
  food_scarce     : 101 (20.2%)
  housing_pressure: 99 (19.8%)
  low_stockpile   : 101 (20.2%)
  water_scarce    : 116 (23.2%)
Stockpile ratios:
  avg: 0.93
  min: 0.75
  food_raw: 0.98
  stone   : 0.99
  water   : 0.78
  wood    : 0.99
Nodes ratio:
  food_raw: 0.78
  stone   : 0.97
  water   : 0.37
  wood    : 0.96
Needs avg:
  hunger: 0.15
  thirst: 0.16
Housing:
  houses: 65
  beds: 132
  ratio: 0.85
  unsheltered: 0.16
Reproduction:
  ticks: 4500
  couples_per_tick: 23.54
  fertile_per_tick: 59.44
  pregnancies_per_tick: 1.78
  cooldowns_per_tick: 4.99
  chance: 0.0025
  resource_factor: 0.81
  crowding_factor: 0.42
  morale_factor: 0.91
  season_factor: 0.93
  attempts: 77889
  successes: 164
  blocked:
    infertile: 4778
    pregnant: 7987
    cooldown: 11085
    no_resources: 0
    no_housing: 0
    chance: 77724
Merchant:
  trades_per_tick: 0.04
  given_per_tick:
    food_raw: 0.01
    stone   : 0.02
    water   : 0.00
    wood    : 0.01
  received_per_tick:
    food_raw: 0.01
    stone   : 0.00
    water   : 0.02
    wood    : 0.01
Fields:
  nodes: 0
  node_ratio: 0.98
  water_ratio: 0.78
  irrigation: 0.88
  season: 0.89
  regen: 0.78
Signals:
  critical_needs: 0.01
  idle_adults: 0.27

=== episode=3000 window=2501-3000 count=500 ===
Summary:
  avg_reward: 2927.61
  avg_steps: 900.0
  avg_births: 163.16
  avg_deaths: 17.40
  lr: 0.000288
  difficulty: 0.14
  tick: 5231
  pop: 206
Scenario mix:
  baseline        : 81 (16.2%)
  food_scarce     : 98 (19.6%)
  housing_pressure: 99 (19.8%)
  low_stockpile   : 116 (23.2%)
  water_scarce    : 106 (21.2%)
Stockpile ratios:
  avg: 0.93
  min: 0.76
  food_raw: 0.96
  stone   : 0.98
  water   : 0.80
  wood    : 0.99
Nodes ratio:
  food_raw: 0.79
  stone   : 0.96
  water   : 0.39
  wood    : 0.95
Needs avg:
  hunger: 0.15
  thirst: 0.16
Housing:
  houses: 65
  beds: 132
  ratio: 0.85
  unsheltered: 0.16
Reproduction:
  ticks: 4500
  couples_per_tick: 23.60
  fertile_per_tick: 59.67
  pregnancies_per_tick: 1.79
  cooldowns_per_tick: 5.02
  chance: 0.0025
  resource_factor: 0.81
  crowding_factor: 0.42
  morale_factor: 0.90
  season_factor: 0.93
  attempts: 78142
  successes: 165
  blocked:
    infertile: 4764
    pregnant: 8037
    cooldown: 11146
    no_resources: 0
    no_housing: 0
    chance: 77976
Merchant:
  trades_per_tick: 0.04
  given_per_tick:
    food_raw: 0.01
    stone   : 0.02
    water   : 0.00
    wood    : 0.01
  received_per_tick:
    food_raw: 0.01
    stone   : 0.00
    water   : 0.02
    wood    : 0.01
Fields:
  nodes: 0
  node_ratio: 0.98
  water_ratio: 0.80
  irrigation: 0.89
  season: 0.89
  regen: 0.80
Signals:
  critical_needs: 0.00
  idle_adults: 0.27

=== episode=3500 window=3001-3500 count=500 ===
Summary:
  avg_reward: 2938.93
  avg_steps: 900.0
  avg_births: 164.11
  avg_deaths: 17.18
  lr: 0.000286
  difficulty: 0.14
  tick: 4540
  pop: 175
Scenario mix:
  baseline        : 74 (14.8%)
  food_scarce     : 105 (21.0%)
  housing_pressure: 113 (22.6%)
  low_stockpile   : 98 (19.6%)
  water_scarce    : 110 (22.0%)
Stockpile ratios:
  avg: 0.94
  min: 0.76
  food_raw: 0.97
  stone   : 0.99
  water   : 0.80
  wood    : 0.99
Nodes ratio:
  food_raw: 0.77
  stone   : 0.96
  water   : 0.37
  wood    : 0.96
Needs avg:
  hunger: 0.15
  thirst: 0.16
Housing:
  houses: 65
  beds: 132
  ratio: 0.85
  unsheltered: 0.17
Reproduction:
  ticks: 4500
  couples_per_tick: 23.68
  fertile_per_tick: 60.18
  pregnancies_per_tick: 1.80
  cooldowns_per_tick: 5.05
  chance: 0.0025
  resource_factor: 0.81
  crowding_factor: 0.42
  morale_factor: 0.91
  season_factor: 0.93
  attempts: 78499
  successes: 166
  blocked:
    infertile: 4834
    pregnant: 8086
    cooldown: 11218
    no_resources: 0
    no_housing: 0
    chance: 78332
Merchant:
  trades_per_tick: 0.04
  given_per_tick:
    food_raw: 0.01
    stone   : 0.02
    water   : 0.00
    wood    : 0.01
  received_per_tick:
    food_raw: 0.01
    stone   : 0.00
    water   : 0.02
    wood    : 0.01
Fields:
  nodes: 0
  node_ratio: 0.98
  water_ratio: 0.80
  irrigation: 0.89
  season: 0.91
  regen: 0.81
Signals:
  critical_needs: 0.00
  idle_adults: 0.27

=== episode=4000 window=3501-4000 count=500 ===
Summary:
  avg_reward: 2920.89
  avg_steps: 900.0
  avg_births: 160.79
  avg_deaths: 16.93
  lr: 0.000284
  difficulty: 0.15
  tick: 4642
  pop: 145
Scenario mix:
  baseline        : 69 (13.8%)
  food_scarce     : 104 (20.8%)
  housing_pressure: 98 (19.6%)
  low_stockpile   : 103 (20.6%)
  water_scarce    : 126 (25.2%)
Stockpile ratios:
  avg: 0.93
  min: 0.74
  food_raw: 0.98
  stone   : 0.99
  water   : 0.77
  wood    : 0.98
Nodes ratio:
  food_raw: 0.78
  stone   : 0.97
  water   : 0.38
  wood    : 0.97
Needs avg:
  hunger: 0.15
  thirst: 0.16
Housing:
  houses: 64
  beds: 130
  ratio: 0.85
  unsheltered: 0.16
Reproduction:
  ticks: 4500
  couples_per_tick: 23.30
  fertile_per_tick: 59.06
  pregnancies_per_tick: 1.77
  cooldowns_per_tick: 4.94
  chance: 0.0025
  resource_factor: 0.81
  crowding_factor: 0.42
  morale_factor: 0.90
  season_factor: 0.93
  attempts: 76746
  successes: 163
  blocked:
    infertile: 4783
    pregnant: 7918
    cooldown: 10971
    no_resources: 0
    no_housing: 0
    chance: 76582
Merchant:
  trades_per_tick: 0.04
  given_per_tick:
    food_raw: 0.01
    stone   : 0.02
    water   : 0.00
    wood    : 0.01
  received_per_tick:
    food_raw: 0.01
    stone   : 0.00
    water   : 0.02
    wood    : 0.01
Fields:
  nodes: 0
  node_ratio: 0.99
  water_ratio: 0.77
  irrigation: 0.87
  season: 0.90
  regen: 0.79
Signals:
  critical_needs: 0.01
  idle_adults: 0.29

=== episode=4500 window=4001-4500 count=500 ===
Summary:
  avg_reward: 2924.68
  avg_steps: 900.0
  avg_births: 162.16
  avg_deaths: 17.13
  lr: 0.000282
  difficulty: 0.16
  tick: 4679
  pop: 190
Scenario mix:
  baseline        : 70 (14.0%)
  food_scarce     : 100 (20.0%)
  housing_pressure: 103 (20.6%)
  low_stockpile   : 90 (18.0%)
  water_scarce    : 137 (27.4%)
Stockpile ratios:
  avg: 0.92
  min: 0.70
  food_raw: 0.97
  stone   : 0.99
  water   : 0.74
  wood    : 0.98
Nodes ratio:
  food_raw: 0.78
  stone   : 0.97
  water   : 0.36
  wood    : 0.97
Needs avg:
  hunger: 0.15
  thirst: 0.17
Housing:
  houses: 65
  beds: 131
  ratio: 0.85
  unsheltered: 0.16
Reproduction:
  ticks: 4500
  couples_per_tick: 23.69
  fertile_per_tick: 60.07
  pregnancies_per_tick: 1.78
  cooldowns_per_tick: 4.99
  chance: 0.0025
  resource_factor: 0.81
  crowding_factor: 0.42
  morale_factor: 0.91
  season_factor: 0.93
  attempts: 78025
  successes: 164
  blocked:
    infertile: 4757
    pregnant: 7981
    cooldown: 11082
    no_resources: 0
    no_housing: 0
    chance: 77861
Merchant:
  trades_per_tick: 0.04
  given_per_tick:
    food_raw: 0.01
    stone   : 0.02
    water   : 0.00
    wood    : 0.01
  received_per_tick:
    food_raw: 0.01
    stone   : 0.00
    water   : 0.02
    wood    : 0.01
Fields:
  nodes: 0
  node_ratio: 0.98
  water_ratio: 0.74
  irrigation: 0.86
  season: 0.90
  regen: 0.78
Signals:
  critical_needs: 0.01
  idle_adults: 0.26

=== episode=5000 window=4501-5000 count=500 ===
Summary:
  avg_reward: 2934.25
  avg_steps: 900.0
  avg_births: 161.83
  avg_deaths: 16.82
  lr: 0.000280
  difficulty: 0.17
  tick: 5177
  pop: 161
Scenario mix:
  baseline        : 75 (15.0%)
  food_scarce     : 100 (20.0%)
  housing_pressure: 95 (19.0%)
  low_stockpile   : 117 (23.4%)
  water_scarce    : 113 (22.6%)
Stockpile ratios:
  avg: 0.93
  min: 0.75
  food_raw: 0.97
  stone   : 0.98
  water   : 0.80
  wood    : 0.99
Nodes ratio:
  food_raw: 0.79
  stone   : 0.97
  water   : 0.38
  wood    : 0.96
Needs avg:
  hunger: 0.15
  thirst: 0.16
Housing:
  houses: 65
  beds: 133
  ratio: 0.87
  unsheltered: 0.15
Reproduction:
  ticks: 4500
  couples_per_tick: 23.49
  fertile_per_tick: 59.16
  pregnancies_per_tick: 1.78
  cooldowns_per_tick: 4.97
  chance: 0.0025
  resource_factor: 0.81
  crowding_factor: 0.42
  morale_factor: 0.90
  season_factor: 0.93
  attempts: 77768
  successes: 164
  blocked:
    infertile: 4717
    pregnant: 7969
    cooldown: 11050
    no_resources: 0
    no_housing: 0
    chance: 77603
Merchant:
  trades_per_tick: 0.04
  given_per_tick:
    food_raw: 0.01
    stone   : 0.02
    water   : 0.00
    wood    : 0.01
  received_per_tick:
    food_raw: 0.01
    stone   : 0.00
    water   : 0.02
    wood    : 0.01
Fields:
  nodes: 0
  node_ratio: 0.98
  water_ratio: 0.80
  irrigation: 0.89
  season: 0.89
  regen: 0.80
Signals:
  critical_needs: 0.00
  idle_adults: 0.28

=== episode=5500 window=5001-5500 count=500 ===
Summary:
  avg_reward: 2936.10
  avg_steps: 900.0
  avg_births: 162.10
  avg_deaths: 17.39
  lr: 0.000278
  difficulty: 0.18
  tick: 4752
  pop: 131
Scenario mix:
  baseline        : 72 (14.4%)
  food_scarce     : 100 (20.0%)
  housing_pressure: 112 (22.4%)
  low_stockpile   : 94 (18.8%)
  water_scarce    : 122 (24.4%)
Stockpile ratios:
  avg: 0.92
  min: 0.72
  food_raw: 0.95
  stone   : 0.99
  water   : 0.77
  wood    : 0.99
Nodes ratio:
  food_raw: 0.79
  stone   : 0.97
  water   : 0.37
  wood    : 0.96
Needs avg:
  hunger: 0.15
  thirst: 0.17
Housing:
  houses: 64
  beds: 131
  ratio: 0.85
  unsheltered: 0.16
Reproduction:
  ticks: 4500
  couples_per_tick: 23.64
  fertile_per_tick: 59.89
  pregnancies_per_tick: 1.78
  cooldowns_per_tick: 4.98
  chance: 0.0025
  resource_factor: 0.81
  crowding_factor: 0.42
  morale_factor: 0.91
  season_factor: 0.93
  attempts: 78062
  successes: 164
  blocked:
    infertile: 4804
    pregnant: 7983
    cooldown: 11062
    no_resources: 0
    no_housing: 0
    chance: 77897
Merchant:
  trades_per_tick: 0.04
  given_per_tick:
    food_raw: 0.01
    stone   : 0.02
    water   : 0.01
    wood    : 0.01
  received_per_tick:
    food_raw: 0.01
    stone   : 0.00
    water   : 0.02
    wood    : 0.01
Fields:
  nodes: 0
  node_ratio: 0.97
  water_ratio: 0.77
  irrigation: 0.87
  season: 0.91
  regen: 0.79
Signals:
  critical_needs: 0.01
  idle_adults: 0.27

=== episode=6000 window=5501-6000 count=500 ===
Summary:
  avg_reward: 2937.84
  avg_steps: 900.0
  avg_births: 160.72
  avg_deaths: 16.93
  lr: 0.000276
  difficulty: 0.19
  tick: 5149
  pop: 133
Scenario mix:
  baseline        : 70 (14.0%)
  food_scarce     : 101 (20.2%)
  housing_pressure: 103 (20.6%)
  low_stockpile   : 94 (18.8%)
  water_scarce    : 132 (26.4%)
Stockpile ratios:
  avg: 0.93
  min: 0.74
  food_raw: 0.97
  stone   : 0.99
  water   : 0.77
  wood    : 0.98
Nodes ratio:
  food_raw: 0.79
  stone   : 0.97
  water   : 0.37
  wood    : 0.97
Needs avg:
  hunger: 0.15
  thirst: 0.17
Housing:
  houses: 64
  beds: 131
  ratio: 0.86
  unsheltered: 0.16
Reproduction:
  ticks: 4500
  couples_per_tick: 23.44
  fertile_per_tick: 59.35
  pregnancies_per_tick: 1.76
  cooldowns_per_tick: 4.94
  chance: 0.0025
  resource_factor: 0.81
  crowding_factor: 0.42
  morale_factor: 0.91
  season_factor: 0.93
  attempts: 77446
  successes: 163
  blocked:
    infertile: 4798
    pregnant: 7914
    cooldown: 10983
    no_resources: 0
    no_housing: 0
    chance: 77282
Merchant:
  trades_per_tick: 0.04
  given_per_tick:
    food_raw: 0.01
    stone   : 0.02
    water   : 0.01
    wood    : 0.01
  received_per_tick:
    food_raw: 0.01
    stone   : 0.00
    water   : 0.02
    wood    : 0.01
Fields:
  nodes: 0
  node_ratio: 0.98
  water_ratio: 0.77
  irrigation: 0.87
  season: 0.89
  regen: 0.79
Signals:
  critical_needs: 0.00
  idle_adults: 0.27

=== episode=6500 window=6001-6500 count=500 ===
Summary:
  avg_reward: 2936.10
  avg_steps: 900.0
  avg_births: 163.39
  avg_deaths: 17.81
  lr: 0.000274
  difficulty: 0.20
  tick: 4679
  pop: 149
Scenario mix:
  baseline        : 78 (15.6%)
  food_scarce     : 103 (20.6%)
  housing_pressure: 106 (21.2%)
  low_stockpile   : 90 (18.0%)
  water_scarce    : 123 (24.6%)
Stockpile ratios:
  avg: 0.93
  min: 0.75
  food_raw: 0.96
  stone   : 0.98
  water   : 0.79
  wood    : 0.99
Nodes ratio:
  food_raw: 0.79
  stone   : 0.96
  water   : 0.36
  wood    : 0.96
Needs avg:
  hunger: 0.15
  thirst: 0.16
Housing:
  houses: 65
  beds: 133
  ratio: 0.86
  unsheltered: 0.16
Reproduction:
  ticks: 4500
  couples_per_tick: 23.86
  fertile_per_tick: 60.24
  pregnancies_per_tick: 1.79
  cooldowns_per_tick: 5.03
  chance: 0.0025
  resource_factor: 0.81
  crowding_factor: 0.42
  morale_factor: 0.91
  season_factor: 0.93
  attempts: 78759
  successes: 165
  blocked:
    infertile: 4771
    pregnant: 8041
    cooldown: 11164
    no_resources: 0
    no_housing: 0
    chance: 78593
Merchant:
  trades_per_tick: 0.04
  given_per_tick:
    food_raw: 0.01
    stone   : 0.01
    water   : 0.01
    wood    : 0.01
  received_per_tick:
    food_raw: 0.01
    stone   : 0.00
    water   : 0.02
    wood    : 0.01
Fields:
  nodes: 0
  node_ratio: 0.98
  water_ratio: 0.79
  irrigation: 0.88
  season: 0.89
  regen: 0.79
Signals:
  critical_needs: 0.00
  idle_adults: 0.26

=== episode=7000 window=6501-7000 count=500 ===
Summary:
  avg_reward: 2936.95
  avg_steps: 900.0
  avg_births: 161.65
  avg_deaths: 17.39
  lr: 0.000272
  difficulty: 0.21
  tick: 5297
  pop: 103
Scenario mix:
  baseline        : 62 (12.4%)
  food_scarce     : 100 (20.0%)
  housing_pressure: 106 (21.2%)
  low_stockpile   : 107 (21.4%)
  water_scarce    : 125 (25.0%)
Stockpile ratios:
  avg: 0.93
  min: 0.74
  food_raw: 0.98
  stone   : 0.99
  water   : 0.77
  wood    : 0.98
Nodes ratio:
  food_raw: 0.79
  stone   : 0.96
  water   : 0.38
  wood    : 0.96
Needs avg:
  hunger: 0.15
  thirst: 0.16
Housing:
  houses: 64
  beds: 132
  ratio: 0.86
  unsheltered: 0.15
Reproduction:
  ticks: 4500
  couples_per_tick: 23.48
  fertile_per_tick: 59.42
  pregnancies_per_tick: 1.77
  cooldowns_per_tick: 4.97
  chance: 0.0025
  resource_factor: 0.81
  crowding_factor: 0.42
  morale_factor: 0.90
  season_factor: 0.93
  attempts: 77734
  successes: 164
  blocked:
    infertile: 4780
    pregnant: 7961
    cooldown: 11046
    no_resources: 0
    no_housing: 0
    chance: 77569
Merchant:
  trades_per_tick: 0.04
  given_per_tick:
    food_raw: 0.01
    stone   : 0.02
    water   : 0.01
    wood    : 0.01
  received_per_tick:
    food_raw: 0.01
    stone   : 0.00
    water   : 0.02
    wood    : 0.01
Fields:
  nodes: 0
  node_ratio: 0.98
  water_ratio: 0.77
  irrigation: 0.87
  season: 0.92
  regen: 0.81
Signals:
  critical_needs: 0.00
  idle_adults: 0.29

=== episode=7500 window=7001-7500 count=500 ===
Summary:
  avg_reward: 2935.25
  avg_steps: 900.0
  avg_births: 163.17
  avg_deaths: 17.58
  lr: 0.000270
  difficulty: 0.22
  tick: 4638
  pop: 149
Scenario mix:
  baseline        : 77 (15.4%)
  food_scarce     : 103 (20.6%)
  housing_pressure: 98 (19.6%)
  low_stockpile   : 100 (20.0%)
  water_scarce    : 122 (24.4%)
Stockpile ratios:
  avg: 0.93
  min: 0.74
  food_raw: 0.97
  stone   : 0.98
  water   : 0.78
  wood    : 0.98
Nodes ratio:
  food_raw: 0.79
  stone   : 0.97
  water   : 0.36
  wood    : 0.96
Needs avg:
  hunger: 0.15
  thirst: 0.16
Housing:
  houses: 65
  beds: 133
  ratio: 0.86
  unsheltered: 0.16
Reproduction:
  ticks: 4500
  couples_per_tick: 23.83
  fertile_per_tick: 59.95
  pregnancies_per_tick: 1.79
  cooldowns_per_tick: 5.02
  chance: 0.0025
  resource_factor: 0.81
  crowding_factor: 0.42
  morale_factor: 0.91
  season_factor: 0.93
  attempts: 78907
  successes: 165
  blocked:
    infertile: 4774
    pregnant: 8033
    cooldown: 11148
    no_resources: 0
    no_housing: 0
    chance: 78741
Merchant:
  trades_per_tick: 0.04
  given_per_tick:
    food_raw: 0.01
    stone   : 0.01
    water   : 0.01
    wood    : 0.01
  received_per_tick:
    food_raw: 0.01
    stone   : 0.00
    water   : 0.02
    wood    : 0.01
Fields:
  nodes: 0
  node_ratio: 0.98
  water_ratio: 0.78
  irrigation: 0.88
  season: 0.90
  regen: 0.79
Signals:
  critical_needs: 0.00
  idle_adults: 0.28

=== episode=8000 window=7501-8000 count=500 ===
Summary:
  avg_reward: 2946.62
  avg_steps: 900.0
  avg_births: 164.03
  avg_deaths: 17.16
  lr: 0.000268
  difficulty: 0.23
  tick: 4961
  pop: 187
Scenario mix:
  baseline        : 87 (17.4%)
  food_scarce     : 107 (21.4%)
  housing_pressure: 92 (18.4%)
  low_stockpile   : 98 (19.6%)
  water_scarce    : 116 (23.2%)
Stockpile ratios:
  avg: 0.93
  min: 0.75
  food_raw: 0.95
  stone   : 0.99
  water   : 0.80
  wood    : 0.99
Nodes ratio:
  food_raw: 0.78
  stone   : 0.96
  water   : 0.37
  wood    : 0.96
Needs avg:
  hunger: 0.15
  thirst: 0.16
Housing:
  houses: 65
  beds: 133
  ratio: 0.85
  unsheltered: 0.16
Reproduction:
  ticks: 4500
  couples_per_tick: 23.84
  fertile_per_tick: 60.09
  pregnancies_per_tick: 1.80
  cooldowns_per_tick: 5.04
  chance: 0.0025
  resource_factor: 0.81
  crowding_factor: 0.42
  morale_factor: 0.91
  season_factor: 0.93
  attempts: 79365
  successes: 166
  blocked:
    infertile: 4800
    pregnant: 8076
    cooldown: 11202
    no_resources: 0
    no_housing: 0
    chance: 79198
Merchant:
  trades_per_tick: 0.04
  given_per_tick:
    food_raw: 0.01
    stone   : 0.02
    water   : 0.01
    wood    : 0.01
  received_per_tick:
    food_raw: 0.01
    stone   : 0.00
    water   : 0.02
    wood    : 0.01
Fields:
  nodes: 0
  node_ratio: 0.97
  water_ratio: 0.80
  irrigation: 0.89
  season: 0.91
  regen: 0.81
Signals:
  critical_needs: 0.00
  idle_adults: 0.28

=== episode=8500 window=8001-8500 count=500 ===
Summary:
  avg_reward: 2926.75
  avg_steps: 900.0
  avg_births: 164.00
  avg_deaths: 17.75
  lr: 0.000266
  difficulty: 0.24
  tick: 4775
  pop: 186
Scenario mix:
  baseline        : 68 (13.6%)
  food_scarce     : 94 (18.8%)
  housing_pressure: 110 (22.0%)
  low_stockpile   : 106 (21.2%)
  water_scarce    : 122 (24.4%)
Stockpile ratios:
  avg: 0.93
  min: 0.74
  food_raw: 0.97
  stone   : 0.99
  water   : 0.77
  wood    : 0.98
Nodes ratio:
  food_raw: 0.79
  stone   : 0.97
  water   : 0.35
  wood    : 0.97
Needs avg:
  hunger: 0.15
  thirst: 0.16
Housing:
  houses: 65
  beds: 132
  ratio: 0.85
  unsheltered: 0.16
Reproduction:
  ticks: 4500
  couples_per_tick: 23.91
  fertile_per_tick: 60.66
  pregnancies_per_tick: 1.80
  cooldowns_per_tick: 5.04
  chance: 0.0025
  resource_factor: 0.80
  crowding_factor: 0.42
  morale_factor: 0.90
  season_factor: 0.93
  attempts: 78965
  successes: 166
  blocked:
    infertile: 4804
    pregnant: 8077
    cooldown: 11198
    no_resources: 0
    no_housing: 0
    chance: 78799
Merchant:
  trades_per_tick: 0.04
  given_per_tick:
    food_raw: 0.01
    stone   : 0.02
    water   : 0.01
    wood    : 0.01
  received_per_tick:
    food_raw: 0.01
    stone   : 0.00
    water   : 0.02
    wood    : 0.01
Fields:
  nodes: 0
  node_ratio: 0.98
  water_ratio: 0.77
  irrigation: 0.88
  season: 0.91
  regen: 0.80
Signals:
  critical_needs: 0.00
  idle_adults: 0.28

=== episode=9000 window=8501-9000 count=500 ===
Summary:
  avg_reward: 2934.98
  avg_steps: 900.0
  avg_births: 163.01
  avg_deaths: 17.11
  lr: 0.000264
  difficulty: 0.25
  tick: 4636
  pop: 190
Scenario mix:
  baseline        : 72 (14.4%)
  food_scarce     : 109 (21.8%)
  housing_pressure: 96 (19.2%)
  low_stockpile   : 104 (20.8%)
  water_scarce    : 119 (23.8%)
Stockpile ratios:
  avg: 0.93
  min: 0.76
  food_raw: 0.96
  stone   : 0.99
  water   : 0.79
  wood    : 0.99
Nodes ratio:
  food_raw: 0.78
  stone   : 0.97
  water   : 0.37
  wood    : 0.96
Needs avg:
  hunger: 0.15
  thirst: 0.16
Housing:
  houses: 65
  beds: 133
  ratio: 0.86
  unsheltered: 0.16
Reproduction:
  ticks: 4500
  couples_per_tick: 23.74
  fertile_per_tick: 60.01
  pregnancies_per_tick: 1.79
  cooldowns_per_tick: 5.01
  chance: 0.0025
  resource_factor: 0.81
  crowding_factor: 0.42
  morale_factor: 0.91
  season_factor: 0.93
  attempts: 78686
  successes: 165
  blocked:
    infertile: 4719
    pregnant: 8029
    cooldown: 11136
    no_resources: 0
    no_housing: 0
    chance: 78521
Merchant:
  trades_per_tick: 0.04
  given_per_tick:
    food_raw: 0.01
    stone   : 0.01
    water   : 0.01
    wood    : 0.01
  received_per_tick:
    food_raw: 0.01
    stone   : 0.00
    water   : 0.02
    wood    : 0.01
Fields:
  nodes: 0
  node_ratio: 0.98
  water_ratio: 0.79
  irrigation: 0.89
  season: 0.90
  regen: 0.80
Signals:
  critical_needs: 0.00
  idle_adults: 0.28

=== episode=9500 window=9001-9500 count=500 ===
Summary:
  avg_reward: 2902.92
  avg_steps: 900.0
  avg_births: 162.07
  avg_deaths: 18.48
  lr: 0.000262
  difficulty: 0.25
  tick: 4941
  pop: 128
Scenario mix:
  baseline        : 72 (14.4%)
  food_scarce     : 89 (17.8%)
  housing_pressure: 80 (16.0%)
  low_stockpile   : 102 (20.4%)
  water_scarce    : 157 (31.4%)
Stockpile ratios:
  avg: 0.92
  min: 0.68
  food_raw: 0.96
  stone   : 0.99
  water   : 0.73
  wood    : 0.98
Nodes ratio:
  food_raw: 0.79
  stone   : 0.97
  water   : 0.34
  wood    : 0.97
Needs avg:
  hunger: 0.15
  thirst: 0.17
Housing:
  houses: 65
  beds: 132
  ratio: 0.87
  unsheltered: 0.15
Reproduction:
  ticks: 4500
  couples_per_tick: 23.91
  fertile_per_tick: 59.96
  pregnancies_per_tick: 1.78
  cooldowns_per_tick: 4.99
  chance: 0.0025
  resource_factor: 0.80
  crowding_factor: 0.42
  morale_factor: 0.91
  season_factor: 0.93
  attempts: 78405
  successes: 164
  blocked:
    infertile: 4672
    pregnant: 7974
    cooldown: 11067
    no_resources: 0
    no_housing: 0
    chance: 78241
Merchant:
  trades_per_tick: 0.04
  given_per_tick:
    food_raw: 0.01
    stone   : 0.02
    water   : 0.01
    wood    : 0.01
  received_per_tick:
    food_raw: 0.01
    stone   : 0.00
    water   : 0.02
    wood    : 0.01
Fields:
  nodes: 0
  node_ratio: 0.98
  water_ratio: 0.73
  irrigation: 0.85
  season: 0.89
  regen: 0.76
Signals:
  critical_needs: 0.01
  idle_adults: 0.24

=== episode=10000 window=9501-10000 count=500 ===
Summary:
  avg_reward: 2923.94
  avg_steps: 900.0
  avg_births: 162.74
  avg_deaths: 17.02
  lr: 0.000260
  difficulty: 0.26
  tick: 5174
  pop: 167
Scenario mix:
  baseline        : 81 (16.2%)
  food_scarce     : 102 (20.4%)
  housing_pressure: 86 (17.2%)
  low_stockpile   : 101 (20.2%)
  water_scarce    : 130 (26.0%)
Stockpile ratios:
  avg: 0.93
  min: 0.73
  food_raw: 0.97
  stone   : 0.99
  water   : 0.77
  wood    : 0.99
Nodes ratio:
  food_raw: 0.80
  stone   : 0.96
  water   : 0.36
  wood    : 0.96
Needs avg:
  hunger: 0.15
  thirst: 0.17
Housing:
  houses: 65
  beds: 132
  ratio: 0.85
  unsheltered: 0.16
Reproduction:
  ticks: 4500
  couples_per_tick: 23.91
  fertile_per_tick: 60.02
  pregnancies_per_tick: 1.79
  cooldowns_per_tick: 5.01
  chance: 0.0025
  resource_factor: 0.80
  crowding_factor: 0.42
  morale_factor: 0.90
  season_factor: 0.93
  attempts: 78839
  successes: 165
  blocked:
    infertile: 4710
    pregnant: 8017
    cooldown: 11119
    no_resources: 0
    no_housing: 0
    chance: 78673
Merchant:
  trades_per_tick: 0.04
  given_per_tick:
    food_raw: 0.01
    stone   : 0.01
    water   : 0.01
    wood    : 0.01
  received_per_tick:
    food_raw: 0.01
    stone   : 0.00
    water   : 0.02
    wood    : 0.01
Fields:
  nodes: 0
  node_ratio: 0.98
  water_ratio: 0.77
  irrigation: 0.87
  season: 0.89
  regen: 0.78
Signals:
  critical_needs: 0.01
  idle_adults: 0.28

=== episode=10500 window=10001-10500 count=500 ===
Summary:
  avg_reward: 2931.36
  avg_steps: 900.0
  avg_births: 162.64
  avg_deaths: 16.65
  lr: 0.000258
  difficulty: 0.27
  tick: 4815
  pop: 164
Scenario mix:
  baseline        : 76 (15.2%)
  food_scarce     : 115 (23.0%)
  housing_pressure: 87 (17.4%)
  low_stockpile   : 110 (22.0%)
  water_scarce    : 112 (22.4%)
Stockpile ratios:
  avg: 0.93
  min: 0.74
  food_raw: 0.97
  stone   : 0.99
  water   : 0.78
  wood    : 0.99
Nodes ratio:
  food_raw: 0.77
  stone   : 0.97
  water   : 0.37
  wood    : 0.96
Needs avg:
  hunger: 0.15
  thirst: 0.17
Housing:
  houses: 65
  beds: 131
  ratio: 0.85
  unsheltered: 0.16
Reproduction:
  ticks: 4500
  couples_per_tick: 23.68
  fertile_per_tick: 59.76
  pregnancies_per_tick: 1.79
  cooldowns_per_tick: 5.00
  chance: 0.0025
  resource_factor: 0.81
  crowding_factor: 0.42
  morale_factor: 0.90
  season_factor: 0.93
  attempts: 78488
  successes: 165
  blocked:
    infertile: 4745
    pregnant: 8013
    cooldown: 11128
    no_resources: 0
    no_housing: 0
    chance: 78322
Merchant:
  trades_per_tick: 0.04
  given_per_tick:
    food_raw: 0.01
    stone   : 0.02
    water   : 0.01
    wood    : 0.01
  received_per_tick:
    food_raw: 0.01
    stone   : 0.00
    water   : 0.02
    wood    : 0.01
Fields:
  nodes: 0
  node_ratio: 0.98
  water_ratio: 0.78
  irrigation: 0.88
  season: 0.91
  regen: 0.80
Signals:
  critical_needs: 0.01
  idle_adults: 0.26

=== episode=11000 window=10501-11000 count=500 ===
Summary:
  avg_reward: 2922.64
  avg_steps: 900.0
  avg_births: 163.09
  avg_deaths: 18.00
  lr: 0.000256
  difficulty: 0.28
  tick: 4534
  pop: 130
Scenario mix:
  baseline        : 71 (14.2%)
  food_scarce     : 109 (21.8%)
  housing_pressure: 101 (20.2%)
  low_stockpile   : 91 (18.2%)
  water_scarce    : 128 (25.6%)
Stockpile ratios:
  avg: 0.93
  min: 0.73
  food_raw: 0.97
  stone   : 0.99
  water   : 0.76
  wood    : 0.99
Nodes ratio:
  food_raw: 0.78
  stone   : 0.97
  water   : 0.36
  wood    : 0.96
Needs avg:
  hunger: 0.15
  thirst: 0.16
Housing:
  houses: 65
  beds: 131
  ratio: 0.85
  unsheltered: 0.16
Reproduction:
  ticks: 4500
  couples_per_tick: 23.94
  fertile_per_tick: 60.58
  pregnancies_per_tick: 1.79
  cooldowns_per_tick: 5.02
  chance: 0.0025
  resource_factor: 0.81
  crowding_factor: 0.42
  morale_factor: 0.91
  season_factor: 0.93
  attempts: 79051
  successes: 165
  blocked:
    infertile: 4816
    pregnant: 8028
    cooldown: 11146
    no_resources: 0
    no_housing: 0
    chance: 78885
Merchant:
  trades_per_tick: 0.04
  given_per_tick:
    food_raw: 0.01
    stone   : 0.02
    water   : 0.01
    wood    : 0.01
  received_per_tick:
    food_raw: 0.01
    stone   : 0.00
    water   : 0.02
    wood    : 0.01
Fields:
  nodes: 0
  node_ratio: 0.98
  water_ratio: 0.76
  irrigation: 0.87
  season: 0.91
  regen: 0.79
Signals:
  critical_needs: 0.01
  idle_adults: 0.27

=== episode=11500 window=11001-11500 count=500 ===
Summary:
  avg_reward: 2926.14
  avg_steps: 900.0
  avg_births: 162.94
  avg_deaths: 17.32
  lr: 0.000254
  difficulty: 0.29
  tick: 4751
  pop: 160
Scenario mix:
  baseline        : 67 (13.4%)
  food_scarce     : 110 (22.0%)
  housing_pressure: 91 (18.2%)
  low_stockpile   : 103 (20.6%)
  water_scarce    : 129 (25.8%)
Stockpile ratios:
  avg: 0.92
  min: 0.72
  food_raw: 0.97
  stone   : 0.99
  water   : 0.76
  wood    : 0.99
Nodes ratio:
  food_raw: 0.79
  stone   : 0.97
  water   : 0.37
  wood    : 0.96
Needs avg:
  hunger: 0.15
  thirst: 0.17
Housing:
  houses: 65
  beds: 131
  ratio: 0.85
  unsheltered: 0.16
Reproduction:
  ticks: 4500
  couples_per_tick: 23.83
  fertile_per_tick: 60.25
  pregnancies_per_tick: 1.79
  cooldowns_per_tick: 5.01
  chance: 0.0025
  resource_factor: 0.80
  crowding_factor: 0.42
  morale_factor: 0.90
  season_factor: 0.93
  attempts: 78524
  successes: 165
  blocked:
    infertile: 4713
    pregnant: 8023
    cooldown: 11141
    no_resources: 0
    no_housing: 0
    chance: 78359
Merchant:
  trades_per_tick: 0.04
  given_per_tick:
    food_raw: 0.01
    stone   : 0.02
    water   : 0.01
    wood    : 0.01
  received_per_tick:
    food_raw: 0.01
    stone   : 0.00
    water   : 0.02
    wood    : 0.01
Fields:
  nodes: 0
  node_ratio: 0.97
  water_ratio: 0.76
  irrigation: 0.87
  season: 0.89
  regen: 0.78
Signals:
  critical_needs: 0.00
  idle_adults: 0.27

=== episode=12000 window=11501-12000 count=500 ===
Summary:
  avg_reward: 2935.75
  avg_steps: 900.0
  avg_births: 164.11
  avg_deaths: 17.27
  lr: 0.000252
  difficulty: 0.30
  tick: 4504
  pop: 167
Scenario mix:
  baseline        : 89 (17.8%)
  food_scarce     : 102 (20.4%)
  housing_pressure: 89 (17.8%)
  low_stockpile   : 100 (20.0%)
  water_scarce    : 120 (24.0%)
Stockpile ratios:
  avg: 0.93
  min: 0.74
  food_raw: 0.96
  stone   : 1.00
  water   : 0.77
  wood    : 0.99
Nodes ratio:
  food_raw: 0.79
  stone   : 0.96
  water   : 0.37
  wood    : 0.96
Needs avg:
  hunger: 0.15
  thirst: 0.17
Housing:
  houses: 65
  beds: 133
  ratio: 0.86
  unsheltered: 0.16
Reproduction:
  ticks: 4500
  couples_per_tick: 23.87
  fertile_per_tick: 60.19
  pregnancies_per_tick: 1.80
  cooldowns_per_tick: 5.05
  chance: 0.0025
  resource_factor: 0.81
  crowding_factor: 0.42
  morale_factor: 0.91
  season_factor: 0.93
  attempts: 78980
  successes: 166
  blocked:
    infertile: 4734
    pregnant: 8082
    cooldown: 11210
    no_resources: 0
    no_housing: 0
    chance: 78813
Merchant:
  trades_per_tick: 0.04
  given_per_tick:
    food_raw: 0.01
    stone   : 0.02
    water   : 0.01
    wood    : 0.01
  received_per_tick:
    food_raw: 0.01
    stone   : 0.00
    water   : 0.02
    wood    : 0.01
Fields:
  nodes: 0
  node_ratio: 0.98
  water_ratio: 0.77
  irrigation: 0.87
  season: 0.89
  regen: 0.78
Signals:
  critical_needs: 0.01
  idle_adults: 0.28

=== episode=12500 window=12001-12500 count=500 ===
Summary:
  avg_reward: 2919.93
  avg_steps: 900.0
  avg_births: 162.16
  avg_deaths: 18.16
  lr: 0.000250
  difficulty: 0.31
  tick: 4798
  pop: 160
Scenario mix:
  baseline        : 80 (16.0%)
  food_scarce     : 90 (18.0%)
  housing_pressure: 107 (21.4%)
  low_stockpile   : 103 (20.6%)
  water_scarce    : 120 (24.0%)
Stockpile ratios:
  avg: 0.94
  min: 0.76
  food_raw: 0.97
  stone   : 0.99
  water   : 0.80
  wood    : 0.99
Nodes ratio:
  food_raw: 0.80
  stone   : 0.97
  water   : 0.37
  wood    : 0.96
Needs avg:
  hunger: 0.15
  thirst: 0.16
Housing:
  houses: 64
  beds: 132
  ratio: 0.86
  unsheltered: 0.16
Reproduction:
  ticks: 4500
  couples_per_tick: 23.67
  fertile_per_tick: 59.93
  pregnancies_per_tick: 1.78
  cooldowns_per_tick: 4.99
  chance: 0.0025
  resource_factor: 0.81
  crowding_factor: 0.42
  morale_factor: 0.91
  season_factor: 0.93
  attempts: 77964
  successes: 164
  blocked:
    infertile: 4746
    pregnant: 7986
    cooldown: 11078
    no_resources: 0
    no_housing: 0
    chance: 77799
Merchant:
  trades_per_tick: 0.04
  given_per_tick:
    food_raw: 0.01
    stone   : 0.01
    water   : 0.01
    wood    : 0.01
  received_per_tick:
    food_raw: 0.01
    stone   : 0.00
    water   : 0.02
    wood    : 0.01
Fields:
  nodes: 0
  node_ratio: 0.98
  water_ratio: 0.80
  irrigation: 0.89
  season: 0.91
  regen: 0.81
Signals:
  critical_needs: 0.00
  idle_adults: 0.27

=== episode=13000 window=12501-13000 count=500 ===
Summary:
  avg_reward: 2926.92
  avg_steps: 900.0
  avg_births: 163.69
  avg_deaths: 17.40
  lr: 0.000248
  difficulty: 0.32
  tick: 4853
  pop: 170
Scenario mix:
  baseline        : 77 (15.4%)
  food_scarce     : 96 (19.2%)
  housing_pressure: 99 (19.8%)
  low_stockpile   : 95 (19.0%)
  water_scarce    : 133 (26.6%)
Stockpile ratios:
  avg: 0.92
  min: 0.70
  food_raw: 0.96
  stone   : 0.99
  water   : 0.74
  wood    : 0.98
Nodes ratio:
  food_raw: 0.78
  stone   : 0.97
  water   : 0.35
  wood    : 0.96
Needs avg:
  hunger: 0.15
  thirst: 0.17
Housing:
  houses: 65
  beds: 132
  ratio: 0.85
  unsheltered: 0.16
Reproduction:
  ticks: 4500
  couples_per_tick: 24.02
  fertile_per_tick: 60.68
  pregnancies_per_tick: 1.80
  cooldowns_per_tick: 5.04
  chance: 0.0025
  resource_factor: 0.81
  crowding_factor: 0.42
  morale_factor: 0.91
  season_factor: 0.93
  attempts: 79186
  successes: 166
  blocked:
    infertile: 4808
    pregnant: 8053
    cooldown: 11190
    no_resources: 0
    no_housing: 0
    chance: 79020
Merchant:
  trades_per_tick: 0.04
  given_per_tick:
    food_raw: 0.01
    stone   : 0.01
    water   : 0.01
    wood    : 0.01
  received_per_tick:
    food_raw: 0.01
    stone   : 0.00
    water   : 0.02
    wood    : 0.01
Fields:
  nodes: 0
  node_ratio: 0.98
  water_ratio: 0.74
  irrigation: 0.86
  season: 0.89
  regen: 0.77
Signals:
  critical_needs: 0.01
  idle_adults: 0.27

=== episode=13500 window=13001-13500 count=500 ===
Summary:
  avg_reward: 2923.22
  avg_steps: 900.0
  avg_births: 163.75
  avg_deaths: 17.99
  lr: 0.000246
  difficulty: 0.33
  tick: 4594
  pop: 132
Scenario mix:
  baseline        : 69 (13.8%)
  food_scarce     : 108 (21.6%)
  housing_pressure: 90 (18.0%)
  low_stockpile   : 102 (20.4%)
  water_scarce    : 131 (26.2%)
Stockpile ratios:
  avg: 0.93
  min: 0.73
  food_raw: 0.97
  stone   : 0.99
  water   : 0.75
  wood    : 0.99
Nodes ratio:
  food_raw: 0.78
  stone   : 0.97
  water   : 0.36
  wood    : 0.97
Needs avg:
  hunger: 0.15
  thirst: 0.16
Housing:
  houses: 65
  beds: 133
  ratio: 0.86
  unsheltered: 0.16
Reproduction:
  ticks: 4500
  couples_per_tick: 23.92
  fertile_per_tick: 60.43
  pregnancies_per_tick: 1.80
  cooldowns_per_tick: 5.04
  chance: 0.0025
  resource_factor: 0.81
  crowding_factor: 0.42
  morale_factor: 0.91
  season_factor: 0.93
  attempts: 78978
  successes: 166
  blocked:
    infertile: 4745
    pregnant: 8064
    cooldown: 11186
    no_resources: 0
    no_housing: 0
    chance: 78811
Merchant:
  trades_per_tick: 0.04
  given_per_tick:
    food_raw: 0.01
    stone   : 0.01
    water   : 0.00
    wood    : 0.01
  received_per_tick:
    food_raw: 0.01
    stone   : 0.00
    water   : 0.02
    wood    : 0.01
Fields:
  nodes: 0
  node_ratio: 0.98
  water_ratio: 0.75
  irrigation: 0.86
  season: 0.91
  regen: 0.78
Signals:
  critical_needs: 0.01
  idle_adults: 0.27

=== episode=14000 window=13501-14000 count=500 ===
Summary:
  avg_reward: 2920.29
  avg_steps: 900.0
  avg_births: 163.40
  avg_deaths: 17.99
  lr: 0.000244
  difficulty: 0.34
  tick: 5122
  pop: 130
Scenario mix:
  baseline        : 77 (15.4%)
  food_scarce     : 94 (18.8%)
  housing_pressure: 100 (20.0%)
  low_stockpile   : 104 (20.8%)
  water_scarce    : 125 (25.0%)
Stockpile ratios:
  avg: 0.93
  min: 0.74
  food_raw: 0.97
  stone   : 0.99
  water   : 0.78
  wood    : 0.98
Nodes ratio:
  food_raw: 0.78
  stone   : 0.96
  water   : 0.38
  wood    : 0.96
Needs avg:
  hunger: 0.15
  thirst: 0.17
Housing:
  houses: 65
  beds: 132
  ratio: 0.86
  unsheltered: 0.16
Reproduction:
  ticks: 4500
  couples_per_tick: 23.97
  fertile_per_tick: 60.45
  pregnancies_per_tick: 1.79
  cooldowns_per_tick: 5.03
  chance: 0.0025
  resource_factor: 0.80
  crowding_factor: 0.42
  morale_factor: 0.90
  season_factor: 0.93
  attempts: 79098
  successes: 166
  blocked:
    infertile: 4723
    pregnant: 8042
    cooldown: 11164
    no_resources: 0
    no_housing: 0
    chance: 78932
Merchant:
  trades_per_tick: 0.04
  given_per_tick:
    food_raw: 0.01
    stone   : 0.02
    water   : 0.01
    wood    : 0.01
  received_per_tick:
    food_raw: 0.01
    stone   : 0.00
    water   : 0.02
    wood    : 0.01
Fields:
  nodes: 0
  node_ratio: 0.99
  water_ratio: 0.78
  irrigation: 0.88
  season: 0.89
  regen: 0.79
Signals:
  critical_needs: 0.00
  idle_adults: 0.27

=== episode=14500 window=14001-14500 count=500 ===
Summary:
  avg_reward: 2923.04
  avg_steps: 900.0
  avg_births: 162.24
  avg_deaths: 17.39
  lr: 0.000242
  difficulty: 0.35
  tick: 4594
  pop: 111
Scenario mix:
  baseline        : 80 (16.0%)
  food_scarce     : 96 (19.2%)
  housing_pressure: 95 (19.0%)
  low_stockpile   : 92 (18.4%)
  water_scarce    : 137 (27.4%)
Stockpile ratios:
  avg: 0.92
  min: 0.71
  food_raw: 0.97
  stone   : 0.99
  water   : 0.74
  wood    : 0.99
Nodes ratio:
  food_raw: 0.79
  stone   : 0.96
  water   : 0.36
  wood    : 0.97
Needs avg:
  hunger: 0.15
  thirst: 0.16
Housing:
  houses: 64
  beds: 131
  ratio: 0.85
  unsheltered: 0.16
Reproduction:
  ticks: 4500
  couples_per_tick: 23.86
  fertile_per_tick: 60.22
  pregnancies_per_tick: 1.78
  cooldowns_per_tick: 4.99
  chance: 0.0025
  resource_factor: 0.81
  crowding_factor: 0.42
  morale_factor: 0.91
  season_factor: 0.93
  attempts: 78668
  successes: 164
  blocked:
    infertile: 4793
    pregnant: 7988
    cooldown: 11089
    no_resources: 0
    no_housing: 0
    chance: 78503
Merchant:
  trades_per_tick: 0.04
  given_per_tick:
    food_raw: 0.01
    stone   : 0.02
    water   : 0.00
    wood    : 0.01
  received_per_tick:
    food_raw: 0.01
    stone   : 0.00
    water   : 0.02
    wood    : 0.01
Fields:
  nodes: 0
  node_ratio: 0.98
  water_ratio: 0.74
  irrigation: 0.86
  season: 0.90
  regen: 0.78
Signals:
  critical_needs: 0.01
  idle_adults: 0.28

=== episode=15000 window=14501-15000 count=500 ===
Summary:
  avg_reward: 2922.61
  avg_steps: 900.0
  avg_births: 163.67
  avg_deaths: 18.30
  lr: 0.000240
  difficulty: 0.36
  tick: 4505
  pop: 137
Scenario mix:
  baseline        : 86 (17.2%)
  food_scarce     : 81 (16.2%)
  housing_pressure: 116 (23.2%)
  low_stockpile   : 84 (16.8%)
  water_scarce    : 133 (26.6%)
Stockpile ratios:
  avg: 0.92
  min: 0.71
  food_raw: 0.97
  stone   : 0.99
  water   : 0.74
  wood    : 0.99
Nodes ratio:
  food_raw: 0.80
  stone   : 0.96
  water   : 0.36
  wood    : 0.96
Needs avg:
  hunger: 0.15
  thirst: 0.17
Housing:
  houses: 65
  beds: 132
  ratio: 0.86
  unsheltered: 0.16
Reproduction:
  ticks: 4500
  couples_per_tick: 24.05
  fertile_per_tick: 60.81
  pregnancies_per_tick: 1.80
  cooldowns_per_tick: 5.04
  chance: 0.0025
  resource_factor: 0.81
  crowding_factor: 0.42
  morale_factor: 0.91
  season_factor: 0.93
  attempts: 79060
  successes: 166
  blocked:
    infertile: 4784
    pregnant: 8056
    cooldown: 11181
    no_resources: 0
    no_housing: 0
    chance: 78894
Merchant:
  trades_per_tick: 0.04
  given_per_tick:
    food_raw: 0.01
    stone   : 0.02
    water   : 0.00
    wood    : 0.01
  received_per_tick:
    food_raw: 0.01
    stone   : 0.00
    water   : 0.02
    wood    : 0.01
Fields:
  nodes: 0
  node_ratio: 0.98
  water_ratio: 0.74
  irrigation: 0.86
  season: 0.90
  regen: 0.77
Signals:
  critical_needs: 0.01
  idle_adults: 0.28

=== episode=15500 window=15001-15500 count=500 ===
Summary:
  avg_reward: 2932.77
  avg_steps: 900.0
  avg_births: 162.65
  avg_deaths: 17.70
  lr: 0.000238
  difficulty: 0.37
  tick: 5178
  pop: 123
Scenario mix:
  baseline        : 80 (16.0%)
  food_scarce     : 88 (17.6%)
  housing_pressure: 105 (21.0%)
  low_stockpile   : 95 (19.0%)
  water_scarce    : 132 (26.4%)
Stockpile ratios:
  avg: 0.92
  min: 0.71
  food_raw: 0.97
  stone   : 0.99
  water   : 0.75
  wood    : 0.99
Nodes ratio:
  food_raw: 0.79
  stone   : 0.96
  water   : 0.36
  wood    : 0.96
Needs avg:
  hunger: 0.15
  thirst: 0.17
Housing:
  houses: 65
  beds: 133
  ratio: 0.86
  unsheltered: 0.15
Reproduction:
  ticks: 4500
  couples_per_tick: 23.86
  fertile_per_tick: 60.21
  pregnancies_per_tick: 1.79
  cooldowns_per_tick: 5.00
  chance: 0.0025
  resource_factor: 0.81
  crowding_factor: 0.42
  morale_factor: 0.91
  season_factor: 0.93
  attempts: 78438
  successes: 165
  blocked:
    infertile: 4757
    pregnant: 8006
    cooldown: 11108
    no_resources: 0
    no_housing: 0
    chance: 78272
Merchant:
  trades_per_tick: 0.04
  given_per_tick:
    food_raw: 0.01
    stone   : 0.02
    water   : 0.01
    wood    : 0.01
  received_per_tick:
    food_raw: 0.01
    stone   : 0.00
    water   : 0.02
    wood    : 0.01
Fields:
  nodes: 0
  node_ratio: 0.98
  water_ratio: 0.75
  irrigation: 0.86
  season: 0.90
  regen: 0.78
Signals:
  critical_needs: 0.01
  idle_adults: 0.26

=== episode=16000 window=15501-16000 count=500 ===
Summary:
  avg_reward: 2928.66
  avg_steps: 900.0
  avg_births: 162.29
  avg_deaths: 17.43
  lr: 0.000236
  difficulty: 0.37
  tick: 5104
  pop: 103
Scenario mix:
  baseline        : 71 (14.2%)
  food_scarce     : 86 (17.2%)
  housing_pressure: 100 (20.0%)
  low_stockpile   : 116 (23.2%)
  water_scarce    : 127 (25.4%)
Stockpile ratios:
  avg: 0.92
  min: 0.71
  food_raw: 0.97
  stone   : 0.98
  water   : 0.76
  wood    : 0.98
Nodes ratio:
  food_raw: 0.80
  stone   : 0.97
  water   : 0.37
  wood    : 0.96
Needs avg:
  hunger: 0.15
  thirst: 0.16
Housing:
  houses: 64
  beds: 132
  ratio: 0.85
  unsheltered: 0.16
Reproduction:
  ticks: 4500
  couples_per_tick: 23.73
  fertile_per_tick: 59.92
  pregnancies_per_tick: 1.78
  cooldowns_per_tick: 4.99
  chance: 0.0025
  resource_factor: 0.81
  crowding_factor: 0.42
  morale_factor: 0.90
  season_factor: 0.93
  attempts: 78529
  successes: 164
  blocked:
    infertile: 4706
    pregnant: 7992
    cooldown: 11084
    no_resources: 0
    no_housing: 0
    chance: 78364
Merchant:
  trades_per_tick: 0.04
  given_per_tick:
    food_raw: 0.01
    stone   : 0.02
    water   : 0.01
    wood    : 0.01
  received_per_tick:
    food_raw: 0.01
    stone   : 0.00
    water   : 0.02
    wood    : 0.01
Fields:
  nodes: 0
  node_ratio: 0.98
  water_ratio: 0.76
  irrigation: 0.87
  season: 0.90
  regen: 0.79
Signals:
  critical_needs: 0.00
  idle_adults: 0.26

=== episode=16500 window=16001-16500 count=500 ===
Summary:
  avg_reward: 2931.16
  avg_steps: 900.0
  avg_births: 163.07
  avg_deaths: 17.72
  lr: 0.000234
  difficulty: 0.38
  tick: 4982
  pop: 184
Scenario mix:
  baseline        : 76 (15.2%)
  food_scarce     : 97 (19.4%)
  housing_pressure: 102 (20.4%)
  low_stockpile   : 86 (17.2%)
  water_scarce    : 139 (27.8%)
Stockpile ratios:
  avg: 0.92
  min: 0.72
  food_raw: 0.96
  stone   : 0.99
  water   : 0.76
  wood    : 0.99
Nodes ratio:
  food_raw: 0.79
  stone   : 0.97
  water   : 0.35
  wood    : 0.96
Needs avg:
  hunger: 0.15
  thirst: 0.16
Housing:
  houses: 65
  beds: 132
  ratio: 0.86
  unsheltered: 0.16
Reproduction:
  ticks: 4500
  couples_per_tick: 23.94
  fertile_per_tick: 60.57
  pregnancies_per_tick: 1.79
  cooldowns_per_tick: 5.02
  chance: 0.0025
  resource_factor: 0.81
  crowding_factor: 0.42
  morale_factor: 0.91
  season_factor: 0.93
  attempts: 78837
  successes: 165
  blocked:
    infertile: 4754
    pregnant: 8027
    cooldown: 11150
    no_resources: 0
    no_housing: 0
    chance: 78671
Merchant:
  trades_per_tick: 0.04
  given_per_tick:
    food_raw: 0.01
    stone   : 0.02
    water   : 0.01
    wood    : 0.01
  received_per_tick:
    food_raw: 0.01
    stone   : 0.00
    water   : 0.02
    wood    : 0.01
Fields:
  nodes: 0
  node_ratio: 0.98
  water_ratio: 0.76
  irrigation: 0.87
  season: 0.90
  regen: 0.78
Signals:
  critical_needs: 0.00
  idle_adults: 0.25

=== episode=17000 window=16501-17000 count=500 ===
Summary:
  avg_reward: 2930.54
  avg_steps: 900.0
  avg_births: 163.49
  avg_deaths: 17.98
  lr: 0.000232
  difficulty: 0.39
  tick: 4516
  pop: 124
Scenario mix:
  baseline        : 66 (13.2%)
  food_scarce     : 114 (22.8%)
  housing_pressure: 92 (18.4%)
  low_stockpile   : 92 (18.4%)
  water_scarce    : 136 (27.2%)
Stockpile ratios:
  avg: 0.92
  min: 0.69
  food_raw: 0.96
  stone   : 0.99
  water   : 0.74
  wood    : 0.98
Nodes ratio:
  food_raw: 0.78
  stone   : 0.97
  water   : 0.35
  wood    : 0.97
Needs avg:
  hunger: 0.15
  thirst: 0.16
Housing:
  houses: 65
  beds: 133
  ratio: 0.86
  unsheltered: 0.16
Reproduction:
  ticks: 4500
  couples_per_tick: 24.00
  fertile_per_tick: 60.38
  pregnancies_per_tick: 1.79
  cooldowns_per_tick: 5.03
  chance: 0.0025
  resource_factor: 0.81
  crowding_factor: 0.42
  morale_factor: 0.91
  season_factor: 0.93
  attempts: 78991
  successes: 165
  blocked:
    infertile: 4668
    pregnant: 8046
    cooldown: 11176
    no_resources: 0
    no_housing: 0
    chance: 78825
Merchant:
  trades_per_tick: 0.04
  given_per_tick:
    food_raw: 0.01
    stone   : 0.02
    water   : 0.01
    wood    : 0.01
  received_per_tick:
    food_raw: 0.01
    stone   : 0.00
    water   : 0.02
    wood    : 0.01
Fields:
  nodes: 0
  node_ratio: 0.98
  water_ratio: 0.74
  irrigation: 0.86
  season: 0.89
  regen: 0.76
Signals:
  critical_needs: 0.00
  idle_adults: 0.24

=== episode=17500 window=17001-17500 count=500 ===
Summary:
  avg_reward: 2927.73
  avg_steps: 900.0
  avg_births: 162.02
  avg_deaths: 17.93
  lr: 0.000230
  difficulty: 0.40
  tick: 5285
  pop: 170
Scenario mix:
  baseline        : 75 (15.0%)
  food_scarce     : 91 (18.2%)
  housing_pressure: 107 (21.4%)
  low_stockpile   : 100 (20.0%)
  water_scarce    : 127 (25.4%)
Stockpile ratios:
  avg: 0.93
  min: 0.72
  food_raw: 0.97
  stone   : 0.99
  water   : 0.75
  wood    : 0.99
Nodes ratio:
  food_raw: 0.79
  stone   : 0.96
  water   : 0.36
  wood    : 0.97
Needs avg:
  hunger: 0.15
  thirst: 0.16
Housing:
  houses: 64
  beds: 131
  ratio: 0.86
  unsheltered: 0.16
Reproduction:
  ticks: 4500
  couples_per_tick: 23.72
  fertile_per_tick: 60.02
  pregnancies_per_tick: 1.78
  cooldowns_per_tick: 4.99
  chance: 0.0025
  resource_factor: 0.81
  crowding_factor: 0.42
  morale_factor: 0.90
  season_factor: 0.93
  attempts: 77996
  successes: 164
  blocked:
    infertile: 4753
    pregnant: 7979
    cooldown: 11075
    no_resources: 0
    no_housing: 0
    chance: 77831
Merchant:
  trades_per_tick: 0.04
  given_per_tick:
    food_raw: 0.01
    stone   : 0.02
    water   : 0.01
    wood    : 0.01
  received_per_tick:
    food_raw: 0.01
    stone   : 0.00
    water   : 0.02
    wood    : 0.01
Fields:
  nodes: 0
  node_ratio: 0.99
  water_ratio: 0.75
  irrigation: 0.86
  season: 0.89
  regen: 0.77
Signals:
  critical_needs: 0.00
  idle_adults: 0.27

=== episode=18000 window=17501-18000 count=500 ===
Summary:
  avg_reward: 2938.02
  avg_steps: 900.0
  avg_births: 162.78
  avg_deaths: 17.63
  lr: 0.000228
  difficulty: 0.41
  tick: 5066
  pop: 185
Scenario mix:
  baseline        : 73 (14.6%)
  food_scarce     : 105 (21.0%)
  housing_pressure: 111 (22.2%)
  low_stockpile   : 94 (18.8%)
  water_scarce    : 117 (23.4%)
Stockpile ratios:
  avg: 0.93
  min: 0.74
  food_raw: 0.97
  stone   : 0.98
  water   : 0.78
  wood    : 0.99
Nodes ratio:
  food_raw: 0.78
  stone   : 0.97
  water   : 0.38
  wood    : 0.96
Needs avg:
  hunger: 0.15
  thirst: 0.16
Housing:
  houses: 65
  beds: 132
  ratio: 0.86
  unsheltered: 0.16
Reproduction:
  ticks: 4500
  couples_per_tick: 23.68
  fertile_per_tick: 59.92
  pregnancies_per_tick: 1.79
  cooldowns_per_tick: 5.01
  chance: 0.0025
  resource_factor: 0.81
  crowding_factor: 0.42
  morale_factor: 0.91
  season_factor: 0.93
  attempts: 78374
  successes: 165
  blocked:
    infertile: 4791
    pregnant: 8016
    cooldown: 11128
    no_resources: 0
    no_housing: 0
    chance: 78208
Merchant:
  trades_per_tick: 0.04
  given_per_tick:
    food_raw: 0.01
    stone   : 0.02
    water   : 0.01
    wood    : 0.01
  received_per_tick:
    food_raw: 0.01
    stone   : 0.00
    water   : 0.02
    wood    : 0.01
Fields:
  nodes: 0
  node_ratio: 0.98
  water_ratio: 0.78
  irrigation: 0.88
  season: 0.91
  regen: 0.80
Signals:
  critical_needs: 0.01
  idle_adults: 0.28

=== episode=18500 window=18001-18500 count=500 ===
Summary:
  avg_reward: 2935.79
  avg_steps: 900.0
  avg_births: 162.10
  avg_deaths: 16.85
  lr: 0.000226
  difficulty: 0.42
  tick: 4895
  pop: 169
Scenario mix:
  baseline        : 68 (13.6%)
  food_scarce     : 88 (17.6%)
  housing_pressure: 112 (22.4%)
  low_stockpile   : 112 (22.4%)
  water_scarce    : 120 (24.0%)
Stockpile ratios:
  avg: 0.93
  min: 0.74
  food_raw: 0.97
  stone   : 0.99
  water   : 0.78
  wood    : 0.99
Nodes ratio:
  food_raw: 0.79
  stone   : 0.97
  water   : 0.37
  wood    : 0.96
Needs avg:
  hunger: 0.15
  thirst: 0.16
Housing:
  houses: 65
  beds: 131
  ratio: 0.85
  unsheltered: 0.16
Reproduction:
  ticks: 4500
  couples_per_tick: 23.47
  fertile_per_tick: 59.54
  pregnancies_per_tick: 1.78
  cooldowns_per_tick: 4.99
  chance: 0.0025
  resource_factor: 0.81
  crowding_factor: 0.42
  morale_factor: 0.90
  season_factor: 0.93
  attempts: 77624
  successes: 164
  blocked:
    infertile: 4769
    pregnant: 7980
    cooldown: 11084
    no_resources: 0
    no_housing: 0
    chance: 77460
Merchant:
  trades_per_tick: 0.04
  given_per_tick:
    food_raw: 0.01
    stone   : 0.02
    water   : 0.01
    wood    : 0.01
  received_per_tick:
    food_raw: 0.01
    stone   : 0.00
    water   : 0.02
    wood    : 0.01
Fields:
  nodes: 0
  node_ratio: 0.98
  water_ratio: 0.78
  irrigation: 0.88
  season: 0.90
  regen: 0.80
Signals:
  critical_needs: 0.00
  idle_adults: 0.26

=== episode=19000 window=18501-19000 count=500 ===
Summary:
  avg_reward: 2941.10
  avg_steps: 900.0
  avg_births: 163.08
  avg_deaths: 16.68
  lr: 0.000224
  difficulty: 0.43
  tick: 5066
  pop: 92
Scenario mix:
  baseline        : 67 (13.4%)
  food_scarce     : 103 (20.6%)
  housing_pressure: 96 (19.2%)
  low_stockpile   : 118 (23.6%)
  water_scarce    : 116 (23.2%)
Stockpile ratios:
  avg: 0.93
  min: 0.75
  food_raw: 0.97
  stone   : 0.99
  water   : 0.79
  wood    : 0.98
Nodes ratio:
  food_raw: 0.79
  stone   : 0.97
  water   : 0.37
  wood    : 0.97
Needs avg:
  hunger: 0.15
  thirst: 0.16
Housing:
  houses: 65
  beds: 132
  ratio: 0.85
  unsheltered: 0.16
Reproduction:
  ticks: 4500
  couples_per_tick: 23.53
  fertile_per_tick: 59.46
  pregnancies_per_tick: 1.79
  cooldowns_per_tick: 5.01
  chance: 0.0025
  resource_factor: 0.81
  crowding_factor: 0.42
  morale_factor: 0.90
  season_factor: 0.93
  attempts: 78054
  successes: 165
  blocked:
    infertile: 4743
    pregnant: 8037
    cooldown: 11135
    no_resources: 0
    no_housing: 0
    chance: 77888
Merchant:
  trades_per_tick: 0.04
  given_per_tick:
    food_raw: 0.01
    stone   : 0.02
    water   : 0.01
    wood    : 0.01
  received_per_tick:
    food_raw: 0.01
    stone   : 0.00
    water   : 0.02
    wood    : 0.01
Fields:
  nodes: 0
  node_ratio: 0.98
  water_ratio: 0.79
  irrigation: 0.88
  season: 0.93
  regen: 0.82
Signals:
  critical_needs: 0.00
  idle_adults: 0.26

=== episode=19500 window=19001-19500 count=500 ===
Summary:
  avg_reward: 2936.35
  avg_steps: 900.0
  avg_births: 162.09
  avg_deaths: 17.30
  lr: 0.000222
  difficulty: 0.44
  tick: 4956
  pop: 167
Scenario mix:
  baseline        : 69 (13.8%)
  food_scarce     : 105 (21.0%)
  housing_pressure: 92 (18.4%)
  low_stockpile   : 112 (22.4%)
  water_scarce    : 122 (24.4%)
Stockpile ratios:
  avg: 0.93
  min: 0.75
  food_raw: 0.97
  stone   : 0.99
  water   : 0.79
  wood    : 0.99
Nodes ratio:
  food_raw: 0.80
  stone   : 0.97
  water   : 0.38
  wood    : 0.96
Needs avg:
  hunger: 0.15
  thirst: 0.17
Housing:
  houses: 65
  beds: 132
  ratio: 0.86
  unsheltered: 0.15
Reproduction:
  ticks: 4500
  couples_per_tick: 23.52
  fertile_per_tick: 59.54
  pregnancies_per_tick: 1.78
  cooldowns_per_tick: 4.98
  chance: 0.0025
  resource_factor: 0.81
  crowding_factor: 0.42
  morale_factor: 0.90
  season_factor: 0.93
  attempts: 77871
  successes: 164
  blocked:
    infertile: 4755
    pregnant: 7985
    cooldown: 11081
    no_resources: 0
    no_housing: 0
    chance: 77706
Merchant:
  trades_per_tick: 0.04
  given_per_tick:
    food_raw: 0.01
    stone   : 0.02
    water   : 0.01
    wood    : 0.01
  received_per_tick:
    food_raw: 0.01
    stone   : 0.00
    water   : 0.02
    wood    : 0.01
Fields:
  nodes: 0
  node_ratio: 0.98
  water_ratio: 0.79
  irrigation: 0.88
  season: 0.91
  regen: 0.80
Signals:
  critical_needs: 0.01
  idle_adults: 0.28

=== episode=20000 window=19501-20000 count=500 ===
Summary:
  avg_reward: 2928.57
  avg_steps: 900.0
  avg_births: 162.77
  avg_deaths: 17.41
  lr: 0.000220
  difficulty: 0.45
  tick: 5042
  pop: 184
Scenario mix:
  baseline        : 84 (16.8%)
  food_scarce     : 85 (17.0%)
  housing_pressure: 89 (17.8%)
  low_stockpile   : 109 (21.8%)
  water_scarce    : 133 (26.6%)
Stockpile ratios:
  avg: 0.92
  min: 0.72
  food_raw: 0.97
  stone   : 0.99
  water   : 0.75
  wood    : 0.99
Nodes ratio:
  food_raw: 0.80
  stone   : 0.97
  water   : 0.36
  wood    : 0.96
Needs avg:
  hunger: 0.15
  thirst: 0.16
Housing:
  houses: 65
  beds: 132
  ratio: 0.86
  unsheltered: 0.16
Reproduction:
  ticks: 4500
  couples_per_tick: 23.86
  fertile_per_tick: 59.99
  pregnancies_per_tick: 1.79
  cooldowns_per_tick: 5.00
  chance: 0.0025
  resource_factor: 0.81
  crowding_factor: 0.42
  morale_factor: 0.90
  season_factor: 0.93
  attempts: 78691
  successes: 165
  blocked:
    infertile: 4743
    pregnant: 8011
    cooldown: 11104
    no_resources: 0
    no_housing: 0
    chance: 78526
Merchant:
  trades_per_tick: 0.04
  given_per_tick:
    food_raw: 0.01
    stone   : 0.02
    water   : 0.01
    wood    : 0.01
  received_per_tick:
    food_raw: 0.01
    stone   : 0.00
    water   : 0.02
    wood    : 0.01
Fields:
  nodes: 0
  node_ratio: 0.97
  water_ratio: 0.75
  irrigation: 0.86
  season: 0.91
  regen: 0.79
Signals:
  critical_needs: 0.00
  idle_adults: 0.28

=== episode=20500 window=20001-20500 count=500 ===
Summary:
  avg_reward: 2921.73
  avg_steps: 900.0
  avg_births: 161.67
  avg_deaths: 17.62
  lr: 0.000218
  difficulty: 0.46
  tick: 4802
  pop: 149
Scenario mix:
  baseline        : 72 (14.4%)
  food_scarce     : 99 (19.8%)
  housing_pressure: 91 (18.2%)
  low_stockpile   : 99 (19.8%)
  water_scarce    : 139 (27.8%)
Stockpile ratios:
  avg: 0.92
  min: 0.71
  food_raw: 0.97
  stone   : 0.99
  water   : 0.73
  wood    : 0.99
Nodes ratio:
  food_raw: 0.79
  stone   : 0.96
  water   : 0.36
  wood    : 0.96
Needs avg:
  hunger: 0.15
  thirst: 0.17
Housing:
  houses: 65
  beds: 132
  ratio: 0.86
  unsheltered: 0.15
Reproduction:
  ticks: 4500
  couples_per_tick: 23.69
  fertile_per_tick: 59.75
  pregnancies_per_tick: 1.77
  cooldowns_per_tick: 4.98
  chance: 0.0025
  resource_factor: 0.81
  crowding_factor: 0.42
  morale_factor: 0.91
  season_factor: 0.93
  attempts: 78115
  successes: 164
  blocked:
    infertile: 4712
    pregnant: 7957
    cooldown: 11051
    no_resources: 0
    no_housing: 0
    chance: 77951
Merchant:
  trades_per_tick: 0.04
  given_per_tick:
    food_raw: 0.01
    stone   : 0.02
    water   : 0.01
    wood    : 0.01
  received_per_tick:
    food_raw: 0.01
    stone   : 0.00
    water   : 0.02
    wood    : 0.01
Fields:
  nodes: 0
  node_ratio: 0.98
  water_ratio: 0.73
  irrigation: 0.85
  season: 0.90
  regen: 0.77
Signals:
  critical_needs: 0.01
  idle_adults: 0.29

=== episode=21000 window=20501-21000 count=500 ===
Summary:
  avg_reward: 2935.15
  avg_steps: 900.0
  avg_births: 163.23
  avg_deaths: 17.68
  lr: 0.000216
  difficulty: 0.47
  tick: 5125
  pop: 140
Scenario mix:
  baseline        : 84 (16.8%)
  food_scarce     : 98 (19.6%)
  housing_pressure: 99 (19.8%)
  low_stockpile   : 90 (18.0%)
  water_scarce    : 129 (25.8%)
Stockpile ratios:
  avg: 0.92
  min: 0.71
  food_raw: 0.98
  stone   : 0.99
  water   : 0.75
  wood    : 0.99
Nodes ratio:
  food_raw: 0.79
  stone   : 0.96
  water   : 0.36
  wood    : 0.96
Needs avg:
  hunger: 0.15
  thirst: 0.16
Housing:
  houses: 65
  beds: 133
  ratio: 0.86
  unsheltered: 0.16
Reproduction:
  ticks: 4500
  couples_per_tick: 23.96
  fertile_per_tick: 60.55
  pregnancies_per_tick: 1.79
  cooldowns_per_tick: 5.02
  chance: 0.0025
  resource_factor: 0.81
  crowding_factor: 0.42
  morale_factor: 0.91
  season_factor: 0.93
  attempts: 79050
  successes: 165
  blocked:
    infertile: 4854
    pregnant: 8033
    cooldown: 11145
    no_resources: 0
    no_housing: 0
    chance: 78884
Merchant:
  trades_per_tick: 0.04
  given_per_tick:
    food_raw: 0.01
    stone   : 0.01
    water   : 0.01
    wood    : 0.01
  received_per_tick:
    food_raw: 0.01
    stone   : 0.00
    water   : 0.02
    wood    : 0.01
Fields:
  nodes: 0
  node_ratio: 0.98
  water_ratio: 0.75
  irrigation: 0.86
  season: 0.90
  regen: 0.78
Signals:
  critical_needs: 0.00
  idle_adults: 0.26

=== episode=21500 window=21001-21500 count=500 ===
Summary:
  avg_reward: 2896.77
  avg_steps: 900.0
  avg_births: 159.42
  avg_deaths: 18.57
  lr: 0.000214
  difficulty: 0.48
  tick: 4786
  pop: 178
Scenario mix:
  baseline        : 80 (16.0%)
  food_scarce     : 87 (17.4%)
  housing_pressure: 71 (14.2%)
  low_stockpile   : 105 (21.0%)
  water_scarce    : 157 (31.4%)
Stockpile ratios:
  avg: 0.92
  min: 0.70
  food_raw: 0.96
  stone   : 0.99
  water   : 0.74
  wood    : 0.98
Nodes ratio:
  food_raw: 0.81
  stone   : 0.97
  water   : 0.35
  wood    : 0.97
Needs avg:
  hunger: 0.15
  thirst: 0.17
Housing:
  houses: 64
  beds: 130
  ratio: 0.87
  unsheltered: 0.15
Reproduction:
  ticks: 4500
  couples_per_tick: 23.54
  fertile_per_tick: 59.18
  pregnancies_per_tick: 1.75
  cooldowns_per_tick: 4.91
  chance: 0.0025
  resource_factor: 0.80
  crowding_factor: 0.42
  morale_factor: 0.91
  season_factor: 0.93
  attempts: 77052
  successes: 161
  blocked:
    infertile: 4619
    pregnant: 7841
    cooldown: 10881
    no_resources: 0
    no_housing: 0
    chance: 76890
Merchant:
  trades_per_tick: 0.04
  given_per_tick:
    food_raw: 0.01
    stone   : 0.01
    water   : 0.01
    wood    : 0.01
  received_per_tick:
    food_raw: 0.01
    stone   : 0.00
    water   : 0.02
    wood    : 0.01
Fields:
  nodes: 0
  node_ratio: 0.99
  water_ratio: 0.74
  irrigation: 0.86
  season: 0.92
  regen: 0.79
Signals:
  critical_needs: 0.01
  idle_adults: 0.27

=== episode=22000 window=21501-22000 count=500 ===
Summary:
  avg_reward: 2947.65
  avg_steps: 900.0
  avg_births: 163.78
  avg_deaths: 17.30
  lr: 0.000212
  difficulty: 0.48
  tick: 4820
  pop: 199
Scenario mix:
  baseline        : 66 (13.2%)
  food_scarce     : 100 (20.0%)
  housing_pressure: 113 (22.6%)
  low_stockpile   : 97 (19.4%)
  water_scarce    : 124 (24.8%)
Stockpile ratios:
  avg: 0.93
  min: 0.74
  food_raw: 0.97
  stone   : 0.99
  water   : 0.77
  wood    : 0.98
Nodes ratio:
  food_raw: 0.78
  stone   : 0.96
  water   : 0.36
  wood    : 0.96
Needs avg:
  hunger: 0.15
  thirst: 0.16
Housing:
  houses: 65
  beds: 133
  ratio: 0.85
  unsheltered: 0.16
Reproduction:
  ticks: 4500
  couples_per_tick: 23.84
  fertile_per_tick: 60.35
  pregnancies_per_tick: 1.80
  cooldowns_per_tick: 5.03
  chance: 0.0025
  resource_factor: 0.81
  crowding_factor: 0.42
  morale_factor: 0.91
  season_factor: 0.93
  attempts: 78837
  successes: 166
  blocked:
    infertile: 4821
    pregnant: 8065
    cooldown: 11186
    no_resources: 0
    no_housing: 0
    chance: 78670
Merchant:
  trades_per_tick: 0.04
  given_per_tick:
    food_raw: 0.01
    stone   : 0.01
    water   : 0.01
    wood    : 0.01
  received_per_tick:
    food_raw: 0.01
    stone   : 0.00
    water   : 0.02
    wood    : 0.01
Fields:
  nodes: 0
  node_ratio: 0.98
  water_ratio: 0.77
  irrigation: 0.87
  season: 0.89
  regen: 0.78
Signals:
  critical_needs: 0.00
  idle_adults: 0.26

=== episode=22500 window=22001-22500 count=500 ===
Summary:
  avg_reward: 2941.59
  avg_steps: 900.0
  avg_births: 164.67
  avg_deaths: 17.37
  lr: 0.000210
  difficulty: 0.49
  tick: 4681
  pop: 197
Scenario mix:
  baseline        : 69 (13.8%)
  food_scarce     : 107 (21.4%)
  housing_pressure: 97 (19.4%)
  low_stockpile   : 97 (19.4%)
  water_scarce    : 130 (26.0%)
Stockpile ratios:
  avg: 0.92
  min: 0.72
  food_raw: 0.97
  stone   : 0.99
  water   : 0.75
  wood    : 0.99
Nodes ratio:
  food_raw: 0.77
  stone   : 0.97
  water   : 0.35
  wood    : 0.96
Needs avg:
  hunger: 0.15
  thirst: 0.16
Housing:
  houses: 65
  beds: 133
  ratio: 0.85
  unsheltered: 0.16
Reproduction:
  ticks: 4500
  couples_per_tick: 23.99
  fertile_per_tick: 60.63
  pregnancies_per_tick: 1.81
  cooldowns_per_tick: 5.07
  chance: 0.0025
  resource_factor: 0.81
  crowding_factor: 0.42
  morale_factor: 0.91
  season_factor: 0.93
  attempts: 79301
  successes: 167
  blocked:
    infertile: 4788
    pregnant: 8103
    cooldown: 11260
    no_resources: 0
    no_housing: 0
    chance: 79134
Merchant:
  trades_per_tick: 0.04
  given_per_tick:
    food_raw: 0.01
    stone   : 0.01
    water   : 0.01
    wood    : 0.01
  received_per_tick:
    food_raw: 0.01
    stone   : 0.00
    water   : 0.02
    wood    : 0.01
Fields:
  nodes: 0
  node_ratio: 0.98
  water_ratio: 0.75
  irrigation: 0.86
  season: 0.90
  regen: 0.78
Signals:
  critical_needs: 0.00
  idle_adults: 0.26

=== episode=23000 window=22501-23000 count=500 ===
Summary:
  avg_reward: 2953.33
  avg_steps: 900.0
  avg_births: 162.46
  avg_deaths: 16.68
  lr: 0.000208
  difficulty: 0.50
  tick: 4744
  pop: 142
Scenario mix:
  baseline        : 78 (15.6%)
  food_scarce     : 106 (21.2%)
  housing_pressure: 102 (20.4%)
  low_stockpile   : 87 (17.4%)
  water_scarce    : 127 (25.4%)
Stockpile ratios:
  avg: 0.92
  min: 0.71
  food_raw: 0.96
  stone   : 0.98
  water   : 0.75
  wood    : 0.99
Nodes ratio:
  food_raw: 0.78
  stone   : 0.96
  water   : 0.35
  wood    : 0.96
Needs avg:
  hunger: 0.15
  thirst: 0.16
Housing:
  houses: 65
  beds: 132
  ratio: 0.85
  unsheltered: 0.16
Reproduction:
  ticks: 4500
  couples_per_tick: 23.72
  fertile_per_tick: 59.86
  pregnancies_per_tick: 1.78
  cooldowns_per_tick: 5.00
  chance: 0.0025
  resource_factor: 0.81
  crowding_factor: 0.42
  morale_factor: 0.91
  season_factor: 0.93
  attempts: 78927
  successes: 164
  blocked:
    infertile: 4799
    pregnant: 7996
    cooldown: 11112
    no_resources: 0
    no_housing: 0
    chance: 78762
Merchant:
  trades_per_tick: 0.04
  given_per_tick:
    food_raw: 0.01
    stone   : 0.01
    water   : 0.01
    wood    : 0.01
  received_per_tick:
    food_raw: 0.02
    stone   : 0.00
    water   : 0.01
    wood    : 0.01
Fields:
  nodes: 0
  node_ratio: 0.98
  water_ratio: 0.75
  irrigation: 0.86
  season: 0.89
  regen: 0.78
Signals:
  critical_needs: 0.00
  idle_adults: 0.25

=== episode=23500 window=23001-23500 count=500 ===
Summary:
  avg_reward: 2942.49
  avg_steps: 900.0
  avg_births: 161.29
  avg_deaths: 17.31
  lr: 0.000206
  difficulty: 0.51
  tick: 5189
  pop: 151
Scenario mix:
  baseline        : 76 (15.2%)
  food_scarce     : 87 (17.4%)
  housing_pressure: 107 (21.4%)
  low_stockpile   : 114 (22.8%)
  water_scarce    : 116 (23.2%)
Stockpile ratios:
  avg: 0.94
  min: 0.77
  food_raw: 0.97
  stone   : 0.99
  water   : 0.81
  wood    : 0.98
Nodes ratio:
  food_raw: 0.79
  stone   : 0.97
  water   : 0.40
  wood    : 0.97
Needs avg:
  hunger: 0.15
  thirst: 0.16
Housing:
  houses: 65
  beds: 132
  ratio: 0.86
  unsheltered: 0.15
Reproduction:
  ticks: 4500
  couples_per_tick: 23.23
  fertile_per_tick: 58.83
  pregnancies_per_tick: 1.77
  cooldowns_per_tick: 4.96
  chance: 0.0025
  resource_factor: 0.81
  crowding_factor: 0.42
  morale_factor: 0.90
  season_factor: 0.93
  attempts: 76835
  successes: 164
  blocked:
    infertile: 4816
    pregnant: 7943
    cooldown: 11016
    no_resources: 0
    no_housing: 0
    chance: 76671
Merchant:
  trades_per_tick: 0.04
  given_per_tick:
    food_raw: 0.01
    stone   : 0.01
    water   : 0.01
    wood    : 0.01
  received_per_tick:
    food_raw: 0.02
    stone   : 0.00
    water   : 0.01
    wood    : 0.01
Fields:
  nodes: 0
  node_ratio: 0.98
  water_ratio: 0.81
  irrigation: 0.89
  season: 0.90
  regen: 0.81
Signals:
  critical_needs: 0.00
  idle_adults: 0.30

=== episode=24000 window=23501-24000 count=500 ===
Summary:
  avg_reward: 2937.52
  avg_steps: 900.0
  avg_births: 161.70
  avg_deaths: 17.69
  lr: 0.000204
  difficulty: 0.52
  tick: 4669
  pop: 130
Scenario mix:
  baseline        : 86 (17.2%)
  food_scarce     : 76 (15.2%)
  housing_pressure: 114 (22.8%)
  low_stockpile   : 88 (17.6%)
  water_scarce    : 136 (27.2%)
Stockpile ratios:
  avg: 0.92
  min: 0.72
  food_raw: 0.97
  stone   : 0.99
  water   : 0.75
  wood    : 0.99
Nodes ratio:
  food_raw: 0.81
  stone   : 0.95
  water   : 0.36
  wood    : 0.96
Needs avg:
  hunger: 0.15
  thirst: 0.16
Housing:
  houses: 64
  beds: 132
  ratio: 0.86
  unsheltered: 0.16
Reproduction:
  ticks: 4500
  couples_per_tick: 23.69
  fertile_per_tick: 59.81
  pregnancies_per_tick: 1.77
  cooldowns_per_tick: 4.97
  chance: 0.0025
  resource_factor: 0.81
  crowding_factor: 0.42
  morale_factor: 0.91
  season_factor: 0.93
  attempts: 78060
  successes: 164
  blocked:
    infertile: 4829
    pregnant: 7959
    cooldown: 11045
    no_resources: 0
    no_housing: 0
    chance: 77896
Merchant:
  trades_per_tick: 0.04
  given_per_tick:
    food_raw: 0.01
    stone   : 0.01
    water   : 0.01
    wood    : 0.01
  received_per_tick:
    food_raw: 0.02
    stone   : 0.00
    water   : 0.01
    wood    : 0.01
Fields:
  nodes: 0
  node_ratio: 0.98
  water_ratio: 0.75
  irrigation: 0.86
  season: 0.89
  regen: 0.77
Signals:
  critical_needs: 0.00
  idle_adults: 0.27

=== episode=24500 window=24001-24500 count=500 ===
Summary:
  avg_reward: 2950.60
  avg_steps: 900.0
  avg_births: 161.76
  avg_deaths: 16.80
  lr: 0.000202
  difficulty: 0.53
  tick: 5201
  pop: 122
Scenario mix:
  baseline        : 78 (15.6%)
  food_scarce     : 87 (17.4%)
  housing_pressure: 114 (22.8%)
  low_stockpile   : 91 (18.2%)
  water_scarce    : 130 (26.0%)
Stockpile ratios:
  avg: 0.93
  min: 0.74
  food_raw: 0.97
  stone   : 0.99
  water   : 0.77
  wood    : 0.99
Nodes ratio:
  food_raw: 0.80
  stone   : 0.96
  water   : 0.37
  wood    : 0.96
Needs avg:
  hunger: 0.15
  thirst: 0.16
Housing:
  houses: 64
  beds: 131
  ratio: 0.85
  unsheltered: 0.16
Reproduction:
  ticks: 4500
  couples_per_tick: 23.39
  fertile_per_tick: 59.32
  pregnancies_per_tick: 1.78
  cooldowns_per_tick: 4.98
  chance: 0.0025
  resource_factor: 0.81
  crowding_factor: 0.42
  morale_factor: 0.90
  season_factor: 0.93
  attempts: 77526
  successes: 164
  blocked:
    infertile: 4797
    pregnant: 7965
    cooldown: 11060
    no_resources: 0
    no_housing: 0
    chance: 77362
Merchant:
  trades_per_tick: 0.04
  given_per_tick:
    food_raw: 0.01
    stone   : 0.02
    water   : 0.01
    wood    : 0.01
  received_per_tick:
    food_raw: 0.02
    stone   : 0.00
    water   : 0.01
    wood    : 0.01
Fields:
  nodes: 0
  node_ratio: 0.96
  water_ratio: 0.77
  irrigation: 0.87
  season: 0.91
  regen: 0.79
Signals:
  critical_needs: 0.01
  idle_adults: 0.27

=== episode=25000 window=24501-25000 count=500 ===
Summary:
  avg_reward: 2951.06
  avg_steps: 900.0
  avg_births: 162.34
  avg_deaths: 16.26
  lr: 0.000200
  difficulty: 0.54
  tick: 4771
  pop: 123
Scenario mix:
  baseline        : 78 (15.6%)
  food_scarce     : 105 (21.0%)
  housing_pressure: 85 (17.0%)
  low_stockpile   : 112 (22.4%)
  water_scarce    : 120 (24.0%)
Stockpile ratios:
  avg: 0.93
  min: 0.74
  food_raw: 0.96
  stone   : 0.99
  water   : 0.78
  wood    : 0.98
Nodes ratio:
  food_raw: 0.80
  stone   : 0.97
  water   : 0.38
  wood    : 0.96
Needs avg:
  hunger: 0.15
  thirst: 0.16
Housing:
  houses: 65
  beds: 133
  ratio: 0.85
  unsheltered: 0.16
Reproduction:
  ticks: 4500
  couples_per_tick: 23.38
  fertile_per_tick: 58.78
  pregnancies_per_tick: 1.78
  cooldowns_per_tick: 4.99
  chance: 0.0025
  resource_factor: 0.81
  crowding_factor: 0.42
  morale_factor: 0.90
  season_factor: 0.93
  attempts: 77667
  successes: 165
  blocked:
    infertile: 4752
    pregnant: 7993
    cooldown: 11088
    no_resources: 0
    no_housing: 0
    chance: 77502
Merchant:
  trades_per_tick: 0.04
  given_per_tick:
    food_raw: 0.01
    stone   : 0.02
    water   : 0.01
    wood    : 0.01
  received_per_tick:
    food_raw: 0.02
    stone   : 0.00
    water   : 0.01
    wood    : 0.01
Fields:
  nodes: 0
  node_ratio: 0.98
  water_ratio: 0.78
  irrigation: 0.88
  season: 0.90
  regen: 0.80
Signals:
  critical_needs: 0.00
  idle_adults: 0.28

=== episode=25500 window=25001-25500 count=500 ===
Summary:
  avg_reward: 2942.85
  avg_steps: 900.0
  avg_births: 161.84
  avg_deaths: 16.87
  lr: 0.000198
  difficulty: 0.55
  tick: 5056
  pop: 125
Scenario mix:
  baseline        : 76 (15.2%)
  food_scarce     : 118 (23.6%)
  housing_pressure: 87 (17.4%)
  low_stockpile   : 92 (18.4%)
  water_scarce    : 127 (25.4%)
Stockpile ratios:
  avg: 0.92
  min: 0.71
  food_raw: 0.97
  stone   : 0.99
  water   : 0.76
  wood    : 0.98
Nodes ratio:
  food_raw: 0.79
  stone   : 0.97
  water   : 0.37
  wood    : 0.96
Needs avg:
  hunger: 0.15
  thirst: 0.17
Housing:
  houses: 65
  beds: 132
  ratio: 0.86
  unsheltered: 0.16
Reproduction:
  ticks: 4500
  couples_per_tick: 23.55
  fertile_per_tick: 59.25
  pregnancies_per_tick: 1.78
  cooldowns_per_tick: 4.98
  chance: 0.0025
  resource_factor: 0.81
  crowding_factor: 0.42
  morale_factor: 0.91
  season_factor: 0.93
  attempts: 77911
  successes: 164
  blocked:
    infertile: 4674
    pregnant: 7964
    cooldown: 11064
    no_resources: 0
    no_housing: 0
    chance: 77747
Merchant:
  trades_per_tick: 0.04
  given_per_tick:
    food_raw: 0.01
    stone   : 0.02
    water   : 0.01
    wood    : 0.01
  received_per_tick:
    food_raw: 0.02
    stone   : 0.00
    water   : 0.01
    wood    : 0.01
Fields:
  nodes: 0
  node_ratio: 0.99
  water_ratio: 0.76
  irrigation: 0.87
  season: 0.90
  regen: 0.78
Signals:
  critical_needs: 0.01
  idle_adults: 0.26

=== episode=26000 window=25501-26000 count=500 ===
Summary:
  avg_reward: 2942.10
  avg_steps: 900.0
  avg_births: 163.91
  avg_deaths: 17.75
  lr: 0.000196
  difficulty: 0.56
  tick: 5097
  pop: 148
Scenario mix:
  baseline        : 79 (15.8%)
  food_scarce     : 97 (19.4%)
  housing_pressure: 107 (21.4%)
  low_stockpile   : 97 (19.4%)
  water_scarce    : 120 (24.0%)
Stockpile ratios:
  avg: 0.93
  min: 0.75
  food_raw: 0.97
  stone   : 0.99
  water   : 0.79
  wood    : 0.99
Nodes ratio:
  food_raw: 0.79
  stone   : 0.97
  water   : 0.37
  wood    : 0.97
Needs avg:
  hunger: 0.15
  thirst: 0.16
Housing:
  houses: 65
  beds: 133
  ratio: 0.85
  unsheltered: 0.16
Reproduction:
  ticks: 4500
  couples_per_tick: 23.86
  fertile_per_tick: 60.15
  pregnancies_per_tick: 1.80
  cooldowns_per_tick: 5.04
  chance: 0.0025
  resource_factor: 0.81
  crowding_factor: 0.42
  morale_factor: 0.90
  season_factor: 0.93
  attempts: 79019
  successes: 166
  blocked:
    infertile: 4773
    pregnant: 8072
    cooldown: 11206
    no_resources: 0
    no_housing: 0
    chance: 78852
Merchant:
  trades_per_tick: 0.04
  given_per_tick:
    food_raw: 0.01
    stone   : 0.01
    water   : 0.01
    wood    : 0.01
  received_per_tick:
    food_raw: 0.02
    stone   : 0.00
    water   : 0.01
    wood    : 0.01
Fields:
  nodes: 0
  node_ratio: 0.98
  water_ratio: 0.79
  irrigation: 0.89
  season: 0.89
  regen: 0.80
Signals:
  critical_needs: 0.00
  idle_adults: 0.27

=== episode=26500 window=26001-26500 count=500 ===
Summary:
  avg_reward: 2951.36
  avg_steps: 900.0
  avg_births: 164.12
  avg_deaths: 17.25
  lr: 0.000194
  difficulty: 0.57
  tick: 5193
  pop: 188
Scenario mix:
  baseline        : 76 (15.2%)
  food_scarce     : 118 (23.6%)
  housing_pressure: 94 (18.8%)
  low_stockpile   : 99 (19.8%)
  water_scarce    : 113 (22.6%)
Stockpile ratios:
  avg: 0.93
  min: 0.73
  food_raw: 0.96
  stone   : 0.99
  water   : 0.77
  wood    : 0.98
Nodes ratio:
  food_raw: 0.77
  stone   : 0.97
  water   : 0.38
  wood    : 0.96
Needs avg:
  hunger: 0.15
  thirst: 0.16
Housing:
  houses: 66
  beds: 134
  ratio: 0.86
  unsheltered: 0.15
Reproduction:
  ticks: 4500
  couples_per_tick: 23.64
  fertile_per_tick: 59.58
  pregnancies_per_tick: 1.80
  cooldowns_per_tick: 5.05
  chance: 0.0025
  resource_factor: 0.81
  crowding_factor: 0.42
  morale_factor: 0.90
  season_factor: 0.93
  attempts: 78284
  successes: 166
  blocked:
    infertile: 4740
    pregnant: 8079
    cooldown: 11217
    no_resources: 0
    no_housing: 0
    chance: 78117
Merchant:
  trades_per_tick: 0.04
  given_per_tick:
    food_raw: 0.01
    stone   : 0.02
    water   : 0.01
    wood    : 0.01
  received_per_tick:
    food_raw: 0.02
    stone   : 0.00
    water   : 0.01
    wood    : 0.01
Fields:
  nodes: 0
  node_ratio: 0.98
  water_ratio: 0.77
  irrigation: 0.87
  season: 0.90
  regen: 0.79
Signals:
  critical_needs: 0.00
  idle_adults: 0.28

=== episode=27000 window=26501-27000 count=500 ===
Summary:
  avg_reward: 2949.65
  avg_steps: 900.0
  avg_births: 161.34
  avg_deaths: 16.78
  lr: 0.000192
  difficulty: 0.58
  tick: 5113
  pop: 175
Scenario mix:
  baseline        : 78 (15.6%)
  food_scarce     : 94 (18.8%)
  housing_pressure: 99 (19.8%)
  low_stockpile   : 96 (19.2%)
  water_scarce    : 133 (26.6%)
Stockpile ratios:
  avg: 0.92
  min: 0.71
  food_raw: 0.97
  stone   : 0.99
  water   : 0.75
  wood    : 0.98
Nodes ratio:
  food_raw: 0.79
  stone   : 0.96
  water   : 0.36
  wood    : 0.96
Needs avg:
  hunger: 0.15
  thirst: 0.17
Housing:
  houses: 64
  beds: 132
  ratio: 0.86
  unsheltered: 0.16
Reproduction:
  ticks: 4500
  couples_per_tick: 23.45
  fertile_per_tick: 59.35
  pregnancies_per_tick: 1.77
  cooldowns_per_tick: 4.96
  chance: 0.0025
  resource_factor: 0.81
  crowding_factor: 0.42
  morale_factor: 0.90
  season_factor: 0.93
  attempts: 77667
  successes: 163
  blocked:
    infertile: 4754
    pregnant: 7941
    cooldown: 11039
    no_resources: 0
    no_housing: 0
    chance: 77503
Merchant:
  trades_per_tick: 0.04
  given_per_tick:
    food_raw: 0.01
    stone   : 0.02
    water   : 0.01
    wood    : 0.01
  received_per_tick:
    food_raw: 0.02
    stone   : 0.00
    water   : 0.01
    wood    : 0.01
Fields:
  nodes: 0
  node_ratio: 0.97
  water_ratio: 0.75
  irrigation: 0.86
  season: 0.91
  regen: 0.79
Signals:
  critical_needs: 0.01
  idle_adults: 0.27

=== episode=27500 window=27001-27500 count=500 ===
Summary:
  avg_reward: 2928.42
  avg_steps: 900.0
  avg_births: 159.67
  avg_deaths: 17.90
  lr: 0.000190
  difficulty: 0.59
  tick: 4620
  pop: 186
Scenario mix:
  baseline        : 58 (11.6%)
  food_scarce     : 101 (20.2%)
  housing_pressure: 104 (20.8%)
  low_stockpile   : 102 (20.4%)
  water_scarce    : 135 (27.0%)
Stockpile ratios:
  avg: 0.93
  min: 0.74
  food_raw: 0.97
  stone   : 0.99
  water   : 0.78
  wood    : 0.98
Nodes ratio:
  food_raw: 0.81
  stone   : 0.96
  water   : 0.37
  wood    : 0.97
Needs avg:
  hunger: 0.15
  thirst: 0.16
Housing:
  houses: 64
  beds: 131
  ratio: 0.87
  unsheltered: 0.15
Reproduction:
  ticks: 4500
  couples_per_tick: 23.21
  fertile_per_tick: 58.64
  pregnancies_per_tick: 1.75
  cooldowns_per_tick: 4.91
  chance: 0.0025
  resource_factor: 0.81
  crowding_factor: 0.42
  morale_factor: 0.90
  season_factor: 0.93
  attempts: 76519
  successes: 162
  blocked:
    infertile: 4731
    pregnant: 7862
    cooldown: 10906
    no_resources: 0
    no_housing: 0
    chance: 76357
Merchant:
  trades_per_tick: 0.04
  given_per_tick:
    food_raw: 0.01
    stone   : 0.02
    water   : 0.01
    wood    : 0.01
  received_per_tick:
    food_raw: 0.02
    stone   : 0.00
    water   : 0.01
    wood    : 0.01
Fields:
  nodes: 0
  node_ratio: 0.98
  water_ratio: 0.78
  irrigation: 0.88
  season: 0.91
  regen: 0.80
Signals:
  critical_needs: 0.01
  idle_adults: 0.26

=== episode=28000 window=27501-28000 count=500 ===
Summary:
  avg_reward: 2962.19
  avg_steps: 900.0
  avg_births: 163.24
  avg_deaths: 16.38
  lr: 0.000188
  difficulty: 0.60
  tick: 5132
  pop: 146
Scenario mix:
  baseline        : 67 (13.4%)
  food_scarce     : 106 (21.2%)
  housing_pressure: 107 (21.4%)
  low_stockpile   : 101 (20.2%)
  water_scarce    : 119 (23.8%)
Stockpile ratios:
  avg: 0.93
  min: 0.73
  food_raw: 0.97
  stone   : 0.99
  water   : 0.77
  wood    : 0.99
Nodes ratio:
  food_raw: 0.79
  stone   : 0.96
  water   : 0.38
  wood    : 0.96
Needs avg:
  hunger: 0.15
  thirst: 0.16
Housing:
  houses: 65
  beds: 132
  ratio: 0.85
  unsheltered: 0.17
Reproduction:
  ticks: 4500
  couples_per_tick: 23.38
  fertile_per_tick: 59.44
  pregnancies_per_tick: 1.79
  cooldowns_per_tick: 5.02
  chance: 0.0025
  resource_factor: 0.81
  crowding_factor: 0.42
  morale_factor: 0.90
  season_factor: 0.93
  attempts: 77585
  successes: 165
  blocked:
    infertile: 4808
    pregnant: 8040
    cooldown: 11159
    no_resources: 0
    no_housing: 0
    chance: 77419
Merchant:
  trades_per_tick: 0.04
  given_per_tick:
    food_raw: 0.01
    stone   : 0.02
    water   : 0.01
    wood    : 0.01
  received_per_tick:
    food_raw: 0.02
    stone   : 0.00
    water   : 0.01
    wood    : 0.01
Fields:
  nodes: 0
  node_ratio: 0.98
  water_ratio: 0.77
  irrigation: 0.87
  season: 0.90
  regen: 0.79
Signals:
  critical_needs: 0.01
  idle_adults: 0.28

=== episode=28500 window=28001-28500 count=500 ===
Summary:
  avg_reward: 2940.27
  avg_steps: 900.0
  avg_births: 163.75
  avg_deaths: 17.10
  lr: 0.000186
  difficulty: 0.60
  tick: 4848
  pop: 181
Scenario mix:
  baseline        : 63 (12.6%)
  food_scarce     : 122 (24.4%)
  housing_pressure: 93 (18.6%)
  low_stockpile   : 94 (18.8%)
  water_scarce    : 128 (25.6%)
Stockpile ratios:
  avg: 0.92
  min: 0.72
  food_raw: 0.97
  stone   : 0.99
  water   : 0.76
  wood    : 0.98
Nodes ratio:
  food_raw: 0.78
  stone   : 0.97
  water   : 0.34
  wood    : 0.97
Needs avg:
  hunger: 0.15
  thirst: 0.17
Housing:
  houses: 65
  beds: 133
  ratio: 0.85
  unsheltered: 0.16
Reproduction:
  ticks: 4500
  couples_per_tick: 23.87
  fertile_per_tick: 60.36
  pregnancies_per_tick: 1.80
  cooldowns_per_tick: 5.04
  chance: 0.0025
  resource_factor: 0.81
  crowding_factor: 0.42
  morale_factor: 0.90
  season_factor: 0.93
  attempts: 78818
  successes: 166
  blocked:
    infertile: 4759
    pregnant: 8063
    cooldown: 11196
    no_resources: 0
    no_housing: 0
    chance: 78652
Merchant:
  trades_per_tick: 0.04
  given_per_tick:
    food_raw: 0.01
    stone   : 0.02
    water   : 0.01
    wood    : 0.01
  received_per_tick:
    food_raw: 0.02
    stone   : 0.00
    water   : 0.01
    wood    : 0.01
Fields:
  nodes: 0
  node_ratio: 0.97
  water_ratio: 0.76
  irrigation: 0.87
  season: 0.90
  regen: 0.78
Signals:
  critical_needs: 0.00
  idle_adults: 0.27

=== episode=29000 window=28501-29000 count=500 ===
Summary:
  avg_reward: 2941.23
  avg_steps: 900.0
  avg_births: 162.32
  avg_deaths: 17.88
  lr: 0.000184
  difficulty: 0.61
  tick: 5178
  pop: 154
Scenario mix:
  baseline        : 83 (16.6%)
  food_scarce     : 86 (17.2%)
  housing_pressure: 105 (21.0%)
  low_stockpile   : 94 (18.8%)
  water_scarce    : 132 (26.4%)
Stockpile ratios:
  avg: 0.92
  min: 0.71
  food_raw: 0.97
  stone   : 0.99
  water   : 0.75
  wood    : 0.98
Nodes ratio:
  food_raw: 0.80
  stone   : 0.96
  water   : 0.36
  wood    : 0.97
Needs avg:
  hunger: 0.15
  thirst: 0.17
Housing:
  houses: 65
  beds: 132
  ratio: 0.86
  unsheltered: 0.16
Reproduction:
  ticks: 4500
  couples_per_tick: 23.58
  fertile_per_tick: 59.72
  pregnancies_per_tick: 1.78
  cooldowns_per_tick: 4.99
  chance: 0.0025
  resource_factor: 0.81
  crowding_factor: 0.42
  morale_factor: 0.90
  season_factor: 0.93
  attempts: 77921
  successes: 164
  blocked:
    infertile: 4755
    pregnant: 7988
    cooldown: 11093
    no_resources: 0
    no_housing: 0
    chance: 77756
Merchant:
  trades_per_tick: 0.04
  given_per_tick:
    food_raw: 0.01
    stone   : 0.02
    water   : 0.01
    wood    : 0.01
  received_per_tick:
    food_raw: 0.02
    stone   : 0.00
    water   : 0.01
    wood    : 0.01
Fields:
  nodes: 0
  node_ratio: 0.98
  water_ratio: 0.75
  irrigation: 0.86
  season: 0.91
  regen: 0.79
Signals:
  critical_needs: 0.01
  idle_adults: 0.28

=== episode=29500 window=29001-29500 count=500 ===
Summary:
  avg_reward: 2951.95
  avg_steps: 900.0
  avg_births: 164.97
  avg_deaths: 17.59
  lr: 0.000182
  difficulty: 0.62
  tick: 4674
  pop: 115
Scenario mix:
  baseline        : 81 (16.2%)
  food_scarce     : 106 (21.2%)
  housing_pressure: 110 (22.0%)
  low_stockpile   : 95 (19.0%)
  water_scarce    : 108 (21.6%)
Stockpile ratios:
  avg: 0.93
  min: 0.74
  food_raw: 0.96
  stone   : 0.98
  water   : 0.79
  wood    : 0.98
Nodes ratio:
  food_raw: 0.78
  stone   : 0.96
  water   : 0.38
  wood    : 0.95
Needs avg:
  hunger: 0.15
  thirst: 0.16
Housing:
  houses: 66
  beds: 134
  ratio: 0.86
  unsheltered: 0.16
Reproduction:
  ticks: 4500
  couples_per_tick: 23.87
  fertile_per_tick: 60.12
  pregnancies_per_tick: 1.81
  cooldowns_per_tick: 5.07
  chance: 0.0025
  resource_factor: 0.81
  crowding_factor: 0.42
  morale_factor: 0.90
  season_factor: 0.93
  attempts: 79292
  successes: 167
  blocked:
    infertile: 4836
    pregnant: 8126
    cooldown: 11284
    no_resources: 0
    no_housing: 0
    chance: 79124
Merchant:
  trades_per_tick: 0.04
  given_per_tick:
    food_raw: 0.01
    stone   : 0.02
    water   : 0.01
    wood    : 0.01
  received_per_tick:
    food_raw: 0.02
    stone   : 0.00
    water   : 0.01
    wood    : 0.01
Fields:
  nodes: 0
  node_ratio: 0.98
  water_ratio: 0.79
  irrigation: 0.89
  season: 0.89
  regen: 0.79
Signals:
  critical_needs: 0.00
  idle_adults: 0.26

=== episode=30000 window=29501-30000 count=500 ===
Summary:
  avg_reward: 2940.43
  avg_steps: 900.0
  avg_births: 159.32
  avg_deaths: 16.56
  lr: 0.000180
  difficulty: 0.63
  tick: 4698
  pop: 107
Scenario mix:
  baseline        : 63 (12.6%)
  food_scarce     : 95 (19.0%)
  housing_pressure: 107 (21.4%)
  low_stockpile   : 102 (20.4%)
  water_scarce    : 133 (26.6%)
Stockpile ratios:
  avg: 0.93
  min: 0.74
  food_raw: 0.97
  stone   : 0.99
  water   : 0.78
  wood    : 0.98
Nodes ratio:
  food_raw: 0.80
  stone   : 0.97
  water   : 0.38
  wood    : 0.97
Needs avg:
  hunger: 0.15
  thirst: 0.16
Housing:
  houses: 64
  beds: 130
  ratio: 0.85
  unsheltered: 0.16
Reproduction:
  ticks: 4500
  couples_per_tick: 22.96
  fertile_per_tick: 58.24
  pregnancies_per_tick: 1.75
  cooldowns_per_tick: 4.90
  chance: 0.0025
  resource_factor: 0.81
  crowding_factor: 0.42
  morale_factor: 0.90
  season_factor: 0.93
  attempts: 75927
  successes: 161
  blocked:
    infertile: 4699
    pregnant: 7846
    cooldown: 10884
    no_resources: 0
    no_housing: 0
    chance: 75765
Merchant:
  trades_per_tick: 0.04
  given_per_tick:
    food_raw: 0.01
    stone   : 0.02
    water   : 0.01
    wood    : 0.01
  received_per_tick:
    food_raw: 0.02
    stone   : 0.00
    water   : 0.01
    wood    : 0.01
Fields:
  nodes: 0
  node_ratio: 0.98
  water_ratio: 0.78
  irrigation: 0.88
  season: 0.90
  regen: 0.80
Signals:
  critical_needs: 0.00
  idle_adults: 0.31

=== episode=30500 window=30001-30500 count=500 ===
Summary:
  avg_reward: 2932.24
  avg_steps: 900.0
  avg_births: 162.38
  avg_deaths: 17.96
  lr: 0.000178
  difficulty: 0.64
  tick: 5028
  pop: 173
Scenario mix:
  baseline        : 71 (14.2%)
  food_scarce     : 105 (21.0%)
  housing_pressure: 97 (19.4%)
  low_stockpile   : 100 (20.0%)
  water_scarce    : 127 (25.4%)
Stockpile ratios:
  avg: 0.93
  min: 0.74
  food_raw: 0.97
  stone   : 0.99
  water   : 0.77
  wood    : 0.99
Nodes ratio:
  food_raw: 0.79
  stone   : 0.95
  water   : 0.37
  wood    : 0.96
Needs avg:
  hunger: 0.15
  thirst: 0.16
Housing:
  houses: 65
  beds: 133
  ratio: 0.87
  unsheltered: 0.15
Reproduction:
  ticks: 4500
  couples_per_tick: 23.64
  fertile_per_tick: 59.55
  pregnancies_per_tick: 1.78
  cooldowns_per_tick: 5.00
  chance: 0.0025
  resource_factor: 0.81
  crowding_factor: 0.42
  morale_factor: 0.90
  season_factor: 0.93
  attempts: 78102
  successes: 165
  blocked:
    infertile: 4793
    pregnant: 7998
    cooldown: 11102
    no_resources: 0
    no_housing: 0
    chance: 77937
Merchant:
  trades_per_tick: 0.04
  given_per_tick:
    food_raw: 0.01
    stone   : 0.02
    water   : 0.01
    wood    : 0.01
  received_per_tick:
    food_raw: 0.02
    stone   : 0.00
    water   : 0.01
    wood    : 0.01
Fields:
  nodes: 0
  node_ratio: 0.97
  water_ratio: 0.77
  irrigation: 0.87
  season: 0.89
  regen: 0.78
Signals:
  critical_needs: 0.01
  idle_adults: 0.30

=== episode=31000 window=30501-31000 count=500 ===
Summary:
  avg_reward: 2951.65
  avg_steps: 900.0
  avg_births: 162.21
  avg_deaths: 16.99
  lr: 0.000176
  difficulty: 0.65
  tick: 5032
  pop: 170
Scenario mix:
  baseline        : 83 (16.6%)
  food_scarce     : 94 (18.8%)
  housing_pressure: 113 (22.6%)
  low_stockpile   : 90 (18.0%)
  water_scarce    : 120 (24.0%)
Stockpile ratios:
  avg: 0.93
  min: 0.75
  food_raw: 0.97
  stone   : 0.99
  water   : 0.79
  wood    : 0.99
Nodes ratio:
  food_raw: 0.80
  stone   : 0.96
  water   : 0.38
  wood    : 0.96
Needs avg:
  hunger: 0.15
  thirst: 0.16
Housing:
  houses: 65
  beds: 133
  ratio: 0.86
  unsheltered: 0.16
Reproduction:
  ticks: 4500
  couples_per_tick: 23.40
  fertile_per_tick: 59.09
  pregnancies_per_tick: 1.78
  cooldowns_per_tick: 4.99
  chance: 0.0025
  resource_factor: 0.81
  crowding_factor: 0.42
  morale_factor: 0.90
  season_factor: 0.93
  attempts: 77665
  successes: 164
  blocked:
    infertile: 4823
    pregnant: 7987
    cooldown: 11092
    no_resources: 0
    no_housing: 0
    chance: 77500
Merchant:
  trades_per_tick: 0.04
  given_per_tick:
    food_raw: 0.01
    stone   : 0.02
    water   : 0.01
    wood    : 0.01
  received_per_tick:
    food_raw: 0.02
    stone   : 0.00
    water   : 0.01
    wood    : 0.01
Fields:
  nodes: 0
  node_ratio: 0.98
  water_ratio: 0.79
  irrigation: 0.89
  season: 0.91
  regen: 0.81
Signals:
  critical_needs: 0.00
  idle_adults: 0.28

=== episode=31500 window=31001-31500 count=500 ===
Summary:
  avg_reward: 2949.61
  avg_steps: 900.0
  avg_births: 161.31
  avg_deaths: 16.65
  lr: 0.000174
  difficulty: 0.66
  tick: 5114
  pop: 60
Scenario mix:
  baseline        : 70 (14.0%)
  food_scarce     : 100 (20.0%)
  housing_pressure: 114 (22.8%)
  low_stockpile   : 99 (19.8%)
  water_scarce    : 117 (23.4%)
Stockpile ratios:
  avg: 0.93
  min: 0.74
  food_raw: 0.97
  stone   : 0.99
  water   : 0.77
  wood    : 0.99
Nodes ratio:
  food_raw: 0.80
  stone   : 0.96
  water   : 0.39
  wood    : 0.97
Needs avg:
  hunger: 0.15
  thirst: 0.16
Housing:
  houses: 64
  beds: 131
  ratio: 0.85
  unsheltered: 0.16
Reproduction:
  ticks: 4500
  couples_per_tick: 23.21
  fertile_per_tick: 58.91
  pregnancies_per_tick: 1.77
  cooldowns_per_tick: 4.96
  chance: 0.0025
  resource_factor: 0.81
  crowding_factor: 0.42
  morale_factor: 0.90
  season_factor: 0.93
  attempts: 76963
  successes: 163
  blocked:
    infertile: 4755
    pregnant: 7938
    cooldown: 11018
    no_resources: 0
    no_housing: 0
    chance: 76799
Merchant:
  trades_per_tick: 0.04
  given_per_tick:
    food_raw: 0.01
    stone   : 0.02
    water   : 0.01
    wood    : 0.01
  received_per_tick:
    food_raw: 0.02
    stone   : 0.00
    water   : 0.01
    wood    : 0.01
Fields:
  nodes: 0
  node_ratio: 0.98
  water_ratio: 0.77
  irrigation: 0.88
  season: 0.92
  regen: 0.80
Signals:
  critical_needs: 0.00
  idle_adults: 0.29

=== episode=32000 window=31501-32000 count=500 ===
Summary:
  avg_reward: 2950.82
  avg_steps: 900.0
  avg_births: 162.68
  avg_deaths: 16.84
  lr: 0.000172
  difficulty: 0.67
  tick: 5127
  pop: 125
Scenario mix:
  baseline        : 90 (18.0%)
  food_scarce     : 89 (17.8%)
  housing_pressure: 94 (18.8%)
  low_stockpile   : 105 (21.0%)
  water_scarce    : 122 (24.4%)
Stockpile ratios:
  avg: 0.93
  min: 0.74
  food_raw: 0.97
  stone   : 0.98
  water   : 0.78
  wood    : 0.99
Nodes ratio:
  food_raw: 0.80
  stone   : 0.96
  water   : 0.38
  wood    : 0.95
Needs avg:
  hunger: 0.15
  thirst: 0.16
Housing:
  houses: 65
  beds: 133
  ratio: 0.86
  unsheltered: 0.16
Reproduction:
  ticks: 4500
  couples_per_tick: 23.57
  fertile_per_tick: 59.49
  pregnancies_per_tick: 1.79
  cooldowns_per_tick: 5.00
  chance: 0.0025
  resource_factor: 0.81
  crowding_factor: 0.42
  morale_factor: 0.90
  season_factor: 0.93
  attempts: 77946
  successes: 165
  blocked:
    infertile: 4757
    pregnant: 8015
    cooldown: 11120
    no_resources: 0
    no_housing: 0
    chance: 77781
Merchant:
  trades_per_tick: 0.04
  given_per_tick:
    food_raw: 0.01
    stone   : 0.01
    water   : 0.01
    wood    : 0.01
  received_per_tick:
    food_raw: 0.02
    stone   : 0.00
    water   : 0.01
    wood    : 0.01
Fields:
  nodes: 0
  node_ratio: 0.97
  water_ratio: 0.78
  irrigation: 0.88
  season: 0.91
  regen: 0.80
Signals:
  critical_needs: 0.00
  idle_adults: 0.30

=== episode=32500 window=32001-32500 count=500 ===
Summary:
  avg_reward: 2949.34
  avg_steps: 900.0
  avg_births: 164.78
  avg_deaths: 17.01
  lr: 0.000170
  difficulty: 0.68
  tick: 4733
  pop: 174
Scenario mix:
  baseline        : 75 (15.0%)
  food_scarce     : 104 (20.8%)
  housing_pressure: 97 (19.4%)
  low_stockpile   : 110 (22.0%)
  water_scarce    : 114 (22.8%)
Stockpile ratios:
  avg: 0.93
  min: 0.75
  food_raw: 0.97
  stone   : 0.99
  water   : 0.78
  wood    : 0.98
Nodes ratio:
  food_raw: 0.79
  stone   : 0.96
  water   : 0.37
  wood    : 0.96
Needs avg:
  hunger: 0.15
  thirst: 0.16
Housing:
  houses: 66
  beds: 134
  ratio: 0.86
  unsheltered: 0.16
Reproduction:
  ticks: 4500
  couples_per_tick: 23.79
  fertile_per_tick: 59.94
  pregnancies_per_tick: 1.81
  cooldowns_per_tick: 5.07
  chance: 0.0025
  resource_factor: 0.81
  crowding_factor: 0.42
  morale_factor: 0.90
  season_factor: 0.93
  attempts: 79019
  successes: 167
  blocked:
    infertile: 4765
    pregnant: 8112
    cooldown: 11267
    no_resources: 0
    no_housing: 0
    chance: 78851
Merchant:
  trades_per_tick: 0.04
  given_per_tick:
    food_raw: 0.01
    stone   : 0.02
    water   : 0.01
    wood    : 0.01
  received_per_tick:
    food_raw: 0.02
    stone   : 0.00
    water   : 0.01
    wood    : 0.01
Fields:
  nodes: 0
  node_ratio: 0.97
  water_ratio: 0.78
  irrigation: 0.88
  season: 0.89
  regen: 0.79
Signals:
  critical_needs: 0.00
  idle_adults: 0.27

=== episode=33000 window=32501-33000 count=500 ===
Summary:
  avg_reward: 2942.49
  avg_steps: 900.0
  avg_births: 162.84
  avg_deaths: 17.58
  lr: 0.000168
  difficulty: 0.69
  tick: 4972
  pop: 157
Scenario mix:
  baseline        : 64 (12.8%)
  food_scarce     : 99 (19.8%)
  housing_pressure: 112 (22.4%)
  low_stockpile   : 99 (19.8%)
  water_scarce    : 126 (25.2%)
Stockpile ratios:
  avg: 0.93
  min: 0.74
  food_raw: 0.98
  stone   : 0.99
  water   : 0.77
  wood    : 0.98
Nodes ratio:
  food_raw: 0.79
  stone   : 0.96
  water   : 0.37
  wood    : 0.96
Needs avg:
  hunger: 0.15
  thirst: 0.16
Housing:
  houses: 65
  beds: 132
  ratio: 0.86
  unsheltered: 0.16
Reproduction:
  ticks: 4500
  couples_per_tick: 23.65
  fertile_per_tick: 59.75
  pregnancies_per_tick: 1.79
  cooldowns_per_tick: 5.01
  chance: 0.0025
  resource_factor: 0.81
  crowding_factor: 0.42
  morale_factor: 0.90
  season_factor: 0.93
  attempts: 78038
  successes: 165
  blocked:
    infertile: 4770
    pregnant: 8018
    cooldown: 11122
    no_resources: 0
    no_housing: 0
    chance: 77872
Merchant:
  trades_per_tick: 0.04
  given_per_tick:
    food_raw: 0.01
    stone   : 0.02
    water   : 0.01
    wood    : 0.01
  received_per_tick:
    food_raw: 0.02
    stone   : 0.00
    water   : 0.01
    wood    : 0.01
Fields:
  nodes: 0
  node_ratio: 0.98
  water_ratio: 0.77
  irrigation: 0.87
  season: 0.90
  regen: 0.79
Signals:
  critical_needs: 0.00
  idle_adults: 0.28

=== episode=33500 window=33001-33500 count=500 ===
Summary:
  avg_reward: 2953.35
  avg_steps: 900.0
  avg_births: 164.64
  avg_deaths: 16.63
  lr: 0.000166
  difficulty: 0.70
  tick: 4510
  pop: 162
Scenario mix:
  baseline        : 84 (16.8%)
  food_scarce     : 116 (23.2%)
  housing_pressure: 94 (18.8%)
  low_stockpile   : 97 (19.4%)
  water_scarce    : 109 (21.8%)
Stockpile ratios:
  avg: 0.93
  min: 0.75
  food_raw: 0.98
  stone   : 0.98
  water   : 0.79
  wood    : 0.98
Nodes ratio:
  food_raw: 0.77
  stone   : 0.96
  water   : 0.38
  wood    : 0.96
Needs avg:
  hunger: 0.15
  thirst: 0.16
Housing:
  houses: 66
  beds: 134
  ratio: 0.85
  unsheltered: 0.16
Reproduction:
  ticks: 4500
  couples_per_tick: 23.84
  fertile_per_tick: 60.06
  pregnancies_per_tick: 1.81
  cooldowns_per_tick: 5.06
  chance: 0.0025
  resource_factor: 0.81
  crowding_factor: 0.42
  morale_factor: 0.90
  season_factor: 0.93
  attempts: 79247
  successes: 167
  blocked:
    infertile: 4800
    pregnant: 8112
    cooldown: 11260
    no_resources: 0
    no_housing: 0
    chance: 79079
Merchant:
  trades_per_tick: 0.04
  given_per_tick:
    food_raw: 0.01
    stone   : 0.02
    water   : 0.01
    wood    : 0.01
  received_per_tick:
    food_raw: 0.02
    stone   : 0.00
    water   : 0.01
    wood    : 0.01
Fields:
  nodes: 0
  node_ratio: 0.98
  water_ratio: 0.79
  irrigation: 0.88
  season: 0.90
  regen: 0.80
Signals:
  critical_needs: 0.00
  idle_adults: 0.27

=== episode=34000 window=33501-34000 count=500 ===
Summary:
  avg_reward: 2950.11
  avg_steps: 900.0
  avg_births: 163.55
  avg_deaths: 16.79
  lr: 0.000164
  difficulty: 0.71
  tick: 4714
  pop: 139
Scenario mix:
  baseline        : 87 (17.4%)
  food_scarce     : 80 (16.0%)
  housing_pressure: 108 (21.6%)
  low_stockpile   : 92 (18.4%)
  water_scarce    : 133 (26.6%)
Stockpile ratios:
  avg: 0.92
  min: 0.72
  food_raw: 0.97
  stone   : 0.99
  water   : 0.75
  wood    : 0.98
Nodes ratio:
  food_raw: 0.80
  stone   : 0.97
  water   : 0.35
  wood    : 0.97
Needs avg:
  hunger: 0.15
  thirst: 0.17
Housing:
  houses: 65
  beds: 132
  ratio: 0.85
  unsheltered: 0.17
Reproduction:
  ticks: 4500
  couples_per_tick: 23.80
  fertile_per_tick: 60.17
  pregnancies_per_tick: 1.80
  cooldowns_per_tick: 5.03
  chance: 0.0025
  resource_factor: 0.81
  crowding_factor: 0.42
  morale_factor: 0.90
  season_factor: 0.93
  attempts: 78634
  successes: 166
  blocked:
    infertile: 4772
    pregnant: 8050
    cooldown: 11175
    no_resources: 0
    no_housing: 0
    chance: 78468
Merchant:
  trades_per_tick: 0.04
  given_per_tick:
    food_raw: 0.01
    stone   : 0.02
    water   : 0.01
    wood    : 0.01
  received_per_tick:
    food_raw: 0.02
    stone   : 0.00
    water   : 0.01
    wood    : 0.01
Fields:
  nodes: 0
  node_ratio: 0.98
  water_ratio: 0.75
  irrigation: 0.86
  season: 0.89
  regen: 0.77
Signals:
  critical_needs: 0.01
  idle_adults: 0.28

=== episode=34500 window=34001-34500 count=500 ===
Summary:
  avg_reward: 2958.11
  avg_steps: 900.0
  avg_births: 163.54
  avg_deaths: 16.57
  lr: 0.000162
  difficulty: 0.71
  tick: 4739
  pop: 172
Scenario mix:
  baseline        : 86 (17.2%)
  food_scarce     : 97 (19.4%)
  housing_pressure: 99 (19.8%)
  low_stockpile   : 105 (21.0%)
  water_scarce    : 113 (22.6%)
Stockpile ratios:
  avg: 0.93
  min: 0.74
  food_raw: 0.97
  stone   : 0.98
  water   : 0.78
  wood    : 0.99
Nodes ratio:
  food_raw: 0.79
  stone   : 0.96
  water   : 0.38
  wood    : 0.96
Needs avg:
  hunger: 0.15
  thirst: 0.16
Housing:
  houses: 66
  beds: 134
  ratio: 0.86
  unsheltered: 0.16
Reproduction:
  ticks: 4500
  couples_per_tick: 23.53
  fertile_per_tick: 59.42
  pregnancies_per_tick: 1.80
  cooldowns_per_tick: 5.03
  chance: 0.0025
  resource_factor: 0.81
  crowding_factor: 0.42
  morale_factor: 0.90
  season_factor: 0.93
  attempts: 78278
  successes: 166
  blocked:
    infertile: 4789
    pregnant: 8055
    cooldown: 11182
    no_resources: 0
    no_housing: 0
    chance: 78112
Merchant:
  trades_per_tick: 0.04
  given_per_tick:
    food_raw: 0.01
    stone   : 0.02
    water   : 0.01
    wood    : 0.01
  received_per_tick:
    food_raw: 0.02
    stone   : 0.00
    water   : 0.01
    wood    : 0.01
Fields:
  nodes: 0
  node_ratio: 0.97
  water_ratio: 0.78
  irrigation: 0.88
  season: 0.90
  regen: 0.79
Signals:
  critical_needs: 0.00
  idle_adults: 0.28

=== episode=35000 window=34501-35000 count=500 ===
Summary:
  avg_reward: 2935.27
  avg_steps: 900.0
  avg_births: 160.77
  avg_deaths: 17.37
  lr: 0.000160
  difficulty: 0.72
  tick: 4768
  pop: 190
Scenario mix:
  baseline        : 81 (16.2%)
  food_scarce     : 91 (18.2%)
  housing_pressure: 90 (18.0%)
  low_stockpile   : 95 (19.0%)
  water_scarce    : 143 (28.6%)
Stockpile ratios:
  avg: 0.92
  min: 0.70
  food_raw: 0.97
  stone   : 0.98
  water   : 0.74
  wood    : 0.98
Nodes ratio:
  food_raw: 0.80
  stone   : 0.96
  water   : 0.36
  wood    : 0.96
Needs avg:
  hunger: 0.15
  thirst: 0.17
Housing:
  houses: 64
  beds: 132
  ratio: 0.87
  unsheltered: 0.15
Reproduction:
  ticks: 4500
  couples_per_tick: 23.48
  fertile_per_tick: 59.18
  pregnancies_per_tick: 1.76
  cooldowns_per_tick: 4.95
  chance: 0.0025
  resource_factor: 0.81
  crowding_factor: 0.42
  morale_factor: 0.90
  season_factor: 0.93
  attempts: 77464
  successes: 163
  blocked:
    infertile: 4647
    pregnant: 7915
    cooldown: 10992
    no_resources: 0
    no_housing: 0
    chance: 77301
Merchant:
  trades_per_tick: 0.04
  given_per_tick:
    food_raw: 0.01
    stone   : 0.02
    water   : 0.01
    wood    : 0.01
  received_per_tick:
    food_raw: 0.02
    stone   : 0.00
    water   : 0.01
    wood    : 0.01
Fields:
  nodes: 0
  node_ratio: 0.99
  water_ratio: 0.74
  irrigation: 0.86
  season: 0.90
  regen: 0.78
Signals:
  critical_needs: 0.01
  idle_adults: 0.26

=== episode=35500 window=35001-35500 count=500 ===
Summary:
  avg_reward: 2952.93
  avg_steps: 900.0
  avg_births: 163.44
  avg_deaths: 17.27
  lr: 0.000158
  difficulty: 0.73
  tick: 4832
  pop: 198
Scenario mix:
  baseline        : 69 (13.8%)
  food_scarce     : 125 (25.0%)
  housing_pressure: 106 (21.2%)
  low_stockpile   : 82 (16.4%)
  water_scarce    : 118 (23.6%)
Stockpile ratios:
  avg: 0.92
  min: 0.72
  food_raw: 0.96
  stone   : 0.99
  water   : 0.76
  wood    : 0.99
Nodes ratio:
  food_raw: 0.78
  stone   : 0.95
  water   : 0.37
  wood    : 0.96
Needs avg:
  hunger: 0.15
  thirst: 0.16
Housing:
  houses: 65
  beds: 134
  ratio: 0.86
  unsheltered: 0.15
Reproduction:
  ticks: 4500
  couples_per_tick: 23.67
  fertile_per_tick: 59.76
  pregnancies_per_tick: 1.79
  cooldowns_per_tick: 5.03
  chance: 0.0025
  resource_factor: 0.81
  crowding_factor: 0.42
  morale_factor: 0.90
  season_factor: 0.93
  attempts: 78412
  successes: 166
  blocked:
    infertile: 4781
    pregnant: 8047
    cooldown: 11179
    no_resources: 0
    no_housing: 0
    chance: 78246
Merchant:
  trades_per_tick: 0.04
  given_per_tick:
    food_raw: 0.01
    stone   : 0.02
    water   : 0.01
    wood    : 0.01
  received_per_tick:
    food_raw: 0.02
    stone   : 0.00
    water   : 0.01
    wood    : 0.01
Fields:
  nodes: 0
  node_ratio: 0.97
  water_ratio: 0.76
  irrigation: 0.87
  season: 0.91
  regen: 0.79
Signals:
  critical_needs: 0.00
  idle_adults: 0.26

=== episode=36000 window=35501-36000 count=500 ===
Summary:
  avg_reward: 2924.65
  avg_steps: 900.0
  avg_births: 159.95
  avg_deaths: 17.76
  lr: 0.000156
  difficulty: 0.74
  tick: 4729
  pop: 164
Scenario mix:
  baseline        : 77 (15.4%)
  food_scarce     : 101 (20.2%)
  housing_pressure: 82 (16.4%)
  low_stockpile   : 94 (18.8%)
  water_scarce    : 146 (29.2%)
Stockpile ratios:
  avg: 0.92
  min: 0.70
  food_raw: 0.97
  stone   : 0.99
  water   : 0.73
  wood    : 0.99
Nodes ratio:
  food_raw: 0.80
  stone   : 0.97
  water   : 0.37
  wood    : 0.97
Needs avg:
  hunger: 0.15
  thirst: 0.17
Housing:
  houses: 65
  beds: 132
  ratio: 0.88
  unsheltered: 0.14
Reproduction:
  ticks: 4500
  couples_per_tick: 23.42
  fertile_per_tick: 58.80
  pregnancies_per_tick: 1.76
  cooldowns_per_tick: 4.92
  chance: 0.0025
  resource_factor: 0.81
  crowding_factor: 0.42
  morale_factor: 0.90
  season_factor: 0.93
  attempts: 76783
  successes: 162
  blocked:
    infertile: 4646
    pregnant: 7876
    cooldown: 10927
    no_resources: 0
    no_housing: 0
    chance: 76620
Merchant:
  trades_per_tick: 0.04
  given_per_tick:
    food_raw: 0.01
    stone   : 0.02
    water   : 0.01
    wood    : 0.01
  received_per_tick:
    food_raw: 0.02
    stone   : 0.00
    water   : 0.01
    wood    : 0.01
Fields:
  nodes: 0
  node_ratio: 0.99
  water_ratio: 0.73
  irrigation: 0.85
  season: 0.90
  regen: 0.78
Signals:
  critical_needs: 0.01
  idle_adults: 0.28

=== episode=36500 window=36001-36500 count=500 ===
Summary:
  avg_reward: 2949.18
  avg_steps: 900.0
  avg_births: 163.90
  avg_deaths: 16.98
  lr: 0.000154
  difficulty: 0.75
  tick: 4759
  pop: 185
Scenario mix:
  baseline        : 81 (16.2%)
  food_scarce     : 96 (19.2%)
  housing_pressure: 102 (20.4%)
  low_stockpile   : 103 (20.6%)
  water_scarce    : 118 (23.6%)
Stockpile ratios:
  avg: 0.93
  min: 0.74
  food_raw: 0.97
  stone   : 0.99
  water   : 0.78
  wood    : 0.98
Nodes ratio:
  food_raw: 0.79
  stone   : 0.96
  water   : 0.37
  wood    : 0.96
Needs avg:
  hunger: 0.15
  thirst: 0.16
Housing:
  houses: 65
  beds: 133
  ratio: 0.86
  unsheltered: 0.16
Reproduction:
  ticks: 4500
  couples_per_tick: 23.63
  fertile_per_tick: 59.71
  pregnancies_per_tick: 1.80
  cooldowns_per_tick: 5.04
  chance: 0.0025
  resource_factor: 0.81
  crowding_factor: 0.42
  morale_factor: 0.90
  season_factor: 0.93
  attempts: 78425
  successes: 166
  blocked:
    infertile: 4765
    pregnant: 8072
    cooldown: 11198
    no_resources: 0
    no_housing: 0
    chance: 78258
Merchant:
  trades_per_tick: 0.04
  given_per_tick:
    food_raw: 0.01
    stone   : 0.01
    water   : 0.01
    wood    : 0.01
  received_per_tick:
    food_raw: 0.02
    stone   : 0.00
    water   : 0.01
    wood    : 0.01
Fields:
  nodes: 0
  node_ratio: 0.98
  water_ratio: 0.78
  irrigation: 0.88
  season: 0.91
  regen: 0.80
Signals:
  critical_needs: 0.00
  idle_adults: 0.25

=== episode=37000 window=36501-37000 count=500 ===
Summary:
  avg_reward: 2950.59
  avg_steps: 900.0
  avg_births: 162.15
  avg_deaths: 17.01
  lr: 0.000152
  difficulty: 0.76
  tick: 4978
  pop: 115
Scenario mix:
  baseline        : 88 (17.6%)
  food_scarce     : 89 (17.8%)
  housing_pressure: 98 (19.6%)
  low_stockpile   : 93 (18.6%)
  water_scarce    : 132 (26.4%)
Stockpile ratios:
  avg: 0.92
  min: 0.71
  food_raw: 0.96
  stone   : 0.98
  water   : 0.76
  wood    : 0.98
Nodes ratio:
  food_raw: 0.80
  stone   : 0.97
  water   : 0.36
  wood    : 0.96
Needs avg:
  hunger: 0.15
  thirst: 0.17
Housing:
  houses: 65
  beds: 133
  ratio: 0.87
  unsheltered: 0.15
Reproduction:
  ticks: 4500
  couples_per_tick: 23.62
  fertile_per_tick: 59.61
  pregnancies_per_tick: 1.78
  cooldowns_per_tick: 4.99
  chance: 0.0025
  resource_factor: 0.81
  crowding_factor: 0.42
  morale_factor: 0.90
  season_factor: 0.93
  attempts: 78231
  successes: 164
  blocked:
    infertile: 4719
    pregnant: 7984
    cooldown: 11083
    no_resources: 0
    no_housing: 0
    chance: 78066
Merchant:
  trades_per_tick: 0.04
  given_per_tick:
    food_raw: 0.01
    stone   : 0.01
    water   : 0.01
    wood    : 0.01
  received_per_tick:
    food_raw: 0.02
    stone   : 0.00
    water   : 0.01
    wood    : 0.01
Fields:
  nodes: 0
  node_ratio: 0.98
  water_ratio: 0.76
  irrigation: 0.87
  season: 0.89
  regen: 0.78
Signals:
  critical_needs: 0.01
  idle_adults: 0.27

=== episode=37500 window=37001-37500 count=500 ===
Summary:
  avg_reward: 2958.38
  avg_steps: 900.0
  avg_births: 164.65
  avg_deaths: 16.70
  lr: 0.000150
  difficulty: 0.77
  tick: 5273
  pop: 118
Scenario mix:
  baseline        : 83 (16.6%)
  food_scarce     : 112 (22.4%)
  housing_pressure: 98 (19.6%)
  low_stockpile   : 95 (19.0%)
  water_scarce    : 112 (22.4%)
Stockpile ratios:
  avg: 0.93
  min: 0.73
  food_raw: 0.96
  stone   : 0.98
  water   : 0.77
  wood    : 0.99
Nodes ratio:
  food_raw: 0.78
  stone   : 0.97
  water   : 0.37
  wood    : 0.96
Needs avg:
  hunger: 0.15
  thirst: 0.16
Housing:
  houses: 66
  beds: 134
  ratio: 0.86
  unsheltered: 0.16
Reproduction:
  ticks: 4500
  couples_per_tick: 23.87
  fertile_per_tick: 60.04
  pregnancies_per_tick: 1.81
  cooldowns_per_tick: 5.06
  chance: 0.0025
  resource_factor: 0.81
  crowding_factor: 0.42
  morale_factor: 0.90
  season_factor: 0.93
  attempts: 79258
  successes: 167
  blocked:
    infertile: 4802
    pregnant: 8103
    cooldown: 11252
    no_resources: 0
    no_housing: 0
    chance: 79090
Merchant:
  trades_per_tick: 0.04
  given_per_tick:
    food_raw: 0.01
    stone   : 0.01
    water   : 0.01
    wood    : 0.01
  received_per_tick:
    food_raw: 0.02
    stone   : 0.00
    water   : 0.01
    wood    : 0.01
Fields:
  nodes: 0
  node_ratio: 0.98
  water_ratio: 0.77
  irrigation: 0.87
  season: 0.91
  regen: 0.79
Signals:
  critical_needs: 0.00
  idle_adults: 0.30

=== episode=38000 window=37501-38000 count=500 ===
Summary:
  avg_reward: 2955.73
  avg_steps: 900.0
  avg_births: 163.50
  avg_deaths: 16.18
  lr: 0.000148
  difficulty: 0.78
  tick: 4786
  pop: 206
Scenario mix:
  baseline        : 74 (14.8%)
  food_scarce     : 105 (21.0%)
  housing_pressure: 106 (21.2%)
  low_stockpile   : 106 (21.2%)
  water_scarce    : 109 (21.8%)
Stockpile ratios:
  avg: 0.93
  min: 0.75
  food_raw: 0.96
  stone   : 0.98
  water   : 0.80
  wood    : 0.98
Nodes ratio:
  food_raw: 0.79
  stone   : 0.96
  water   : 0.39
  wood    : 0.95
Needs avg:
  hunger: 0.15
  thirst: 0.16
Housing:
  houses: 65
  beds: 133
  ratio: 0.85
  unsheltered: 0.16
Reproduction:
  ticks: 4500
  couples_per_tick: 23.55
  fertile_per_tick: 59.55
  pregnancies_per_tick: 1.80
  cooldowns_per_tick: 5.02
  chance: 0.0025
  resource_factor: 0.81
  crowding_factor: 0.42
  morale_factor: 0.90
  season_factor: 0.93
  attempts: 78249
  successes: 166
  blocked:
    infertile: 4765
    pregnant: 8055
    cooldown: 11176
    no_resources: 0
    no_housing: 0
    chance: 78083
Merchant:
  trades_per_tick: 0.04
  given_per_tick:
    food_raw: 0.01
    stone   : 0.01
    water   : 0.01
    wood    : 0.01
  received_per_tick:
    food_raw: 0.02
    stone   : 0.00
    water   : 0.01
    wood    : 0.01
Fields:
  nodes: 0
  node_ratio: 0.97
  water_ratio: 0.80
  irrigation: 0.89
  season: 0.91
  regen: 0.81
Signals:
  critical_needs: 0.00
  idle_adults: 0.28

=== episode=38500 window=38001-38500 count=500 ===
Summary:
  avg_reward: 2944.88
  avg_steps: 900.0
  avg_births: 163.68
  avg_deaths: 16.80
  lr: 0.000146
  difficulty: 0.79
  tick: 5053
  pop: 136
Scenario mix:
  baseline        : 72 (14.4%)
  food_scarce     : 108 (21.6%)
  housing_pressure: 72 (14.4%)
  low_stockpile   : 113 (22.6%)
  water_scarce    : 135 (27.0%)
Stockpile ratios:
  avg: 0.92
  min: 0.71
  food_raw: 0.97
  stone   : 0.98
  water   : 0.74
  wood    : 0.99
Nodes ratio:
  food_raw: 0.78
  stone   : 0.96
  water   : 0.34
  wood    : 0.97
Needs avg:
  hunger: 0.15
  thirst: 0.17
Housing:
  houses: 65
  beds: 134
  ratio: 0.86
  unsheltered: 0.15
Reproduction:
  ticks: 4500
  couples_per_tick: 23.87
  fertile_per_tick: 59.82
  pregnancies_per_tick: 1.80
  cooldowns_per_tick: 5.04
  chance: 0.0025
  resource_factor: 0.81
  crowding_factor: 0.42
  morale_factor: 0.90
  season_factor: 0.93
  attempts: 78960
  successes: 166
  blocked:
    infertile: 4634
    pregnant: 8057
    cooldown: 11192
    no_resources: 0
    no_housing: 0
    chance: 78794
Merchant:
  trades_per_tick: 0.04
  given_per_tick:
    food_raw: 0.01
    stone   : 0.01
    water   : 0.01
    wood    : 0.01
  received_per_tick:
    food_raw: 0.02
    stone   : 0.00
    water   : 0.01
    wood    : 0.01
Fields:
  nodes: 0
  node_ratio: 0.98
  water_ratio: 0.74
  irrigation: 0.86
  season: 0.90
  regen: 0.78
Signals:
  critical_needs: 0.01
  idle_adults: 0.25

=== episode=39000 window=38501-39000 count=500 ===
Summary:
  avg_reward: 2938.22
  avg_steps: 900.0
  avg_births: 162.22
  avg_deaths: 17.48
  lr: 0.000144
  difficulty: 0.80
  tick: 5026
  pop: 175
Scenario mix:
  baseline        : 84 (16.8%)
  food_scarce     : 95 (19.0%)
  housing_pressure: 89 (17.8%)
  low_stockpile   : 91 (18.2%)
  water_scarce    : 141 (28.2%)
Stockpile ratios:
  avg: 0.93
  min: 0.72
  food_raw: 0.96
  stone   : 0.99
  water   : 0.77
  wood    : 0.99
Nodes ratio:
  food_raw: 0.79
  stone   : 0.96
  water   : 0.35
  wood    : 0.95
Needs avg:
  hunger: 0.15
  thirst: 0.17
Housing:
  houses: 65
  beds: 133
  ratio: 0.87
  unsheltered: 0.15
Reproduction:
  ticks: 4500
  couples_per_tick: 23.60
  fertile_per_tick: 59.50
  pregnancies_per_tick: 1.78
  cooldowns_per_tick: 4.99
  chance: 0.0025
  resource_factor: 0.81
  crowding_factor: 0.42
  morale_factor: 0.90
  season_factor: 0.93
  attempts: 78036
  successes: 164
  blocked:
    infertile: 4716
    pregnant: 7984
    cooldown: 11083
    no_resources: 0
    no_housing: 0
    chance: 77871
Merchant:
  trades_per_tick: 0.04
  given_per_tick:
    food_raw: 0.01
    stone   : 0.02
    water   : 0.01
    wood    : 0.01
  received_per_tick:
    food_raw: 0.02
    stone   : 0.00
    water   : 0.01
    wood    : 0.01
Fields:
  nodes: 0
  node_ratio: 0.98
  water_ratio: 0.77
  irrigation: 0.87
  season: 0.91
  regen: 0.80
Signals:
  critical_needs: 0.00
  idle_adults: 0.26

=== episode=39500 window=39001-39500 count=500 ===
Summary:
  avg_reward: 2955.54
  avg_steps: 900.0
  avg_births: 162.57
  avg_deaths: 16.28
  lr: 0.000142
  difficulty: 0.81
  tick: 5086
  pop: 164
Scenario mix:
  baseline        : 70 (14.0%)
  food_scarce     : 113 (22.6%)
  housing_pressure: 91 (18.2%)
  low_stockpile   : 113 (22.6%)
  water_scarce    : 113 (22.6%)
Stockpile ratios:
  avg: 0.93
  min: 0.75
  food_raw: 0.96
  stone   : 0.99
  water   : 0.79
  wood    : 0.99
Nodes ratio:
  food_raw: 0.79
  stone   : 0.97
  water   : 0.38
  wood    : 0.96
Needs avg:
  hunger: 0.15
  thirst: 0.16
Housing:
  houses: 65
  beds: 133
  ratio: 0.86
  unsheltered: 0.15
Reproduction:
  ticks: 4500
  couples_per_tick: 23.47
  fertile_per_tick: 59.37
  pregnancies_per_tick: 1.79
  cooldowns_per_tick: 5.00
  chance: 0.0025
  resource_factor: 0.81
  crowding_factor: 0.42
  morale_factor: 0.90
  season_factor: 0.93
  attempts: 77978
  successes: 165
  blocked:
    infertile: 4759
    pregnant: 8008
    cooldown: 11123
    no_resources: 0
    no_housing: 0
    chance: 77812
Merchant:
  trades_per_tick: 0.04
  given_per_tick:
    food_raw: 0.01
    stone   : 0.02
    water   : 0.01
    wood    : 0.01
  received_per_tick:
    food_raw: 0.02
    stone   : 0.00
    water   : 0.01
    wood    : 0.01
Fields:
  nodes: 0
  node_ratio: 0.98
  water_ratio: 0.79
  irrigation: 0.88
  season: 0.91
  regen: 0.81
Signals:
  critical_needs: 0.01
  idle_adults: 0.29

=== episode=40000 window=39501-40000 count=500 ===
Summary:
  avg_reward: 2943.67
  avg_steps: 900.0
  avg_births: 164.61
  avg_deaths: 17.51
  lr: 0.000140
  difficulty: 0.82
  tick: 4987
  pop: 103
Scenario mix:
  baseline        : 72 (14.4%)
  food_scarce     : 111 (22.2%)
  housing_pressure: 87 (17.4%)
  low_stockpile   : 103 (20.6%)
  water_scarce    : 127 (25.4%)
Stockpile ratios:
  avg: 0.93
  min: 0.73
  food_raw: 0.96
  stone   : 0.99
  water   : 0.77
  wood    : 0.99
Nodes ratio:
  food_raw: 0.78
  stone   : 0.96
  water   : 0.35
  wood    : 0.96
Needs avg:
  hunger: 0.15
  thirst: 0.16
Housing:
  houses: 66
  beds: 134
  ratio: 0.86
  unsheltered: 0.15
Reproduction:
  ticks: 4500
  couples_per_tick: 23.88
  fertile_per_tick: 60.05
  pregnancies_per_tick: 1.81
  cooldowns_per_tick: 5.06
  chance: 0.0025
  resource_factor: 0.81
  crowding_factor: 0.42
  morale_factor: 0.90
  season_factor: 0.93
  attempts: 78883
  successes: 167
  blocked:
    infertile: 4711
    pregnant: 8107
    cooldown: 11263
    no_resources: 0
    no_housing: 0
    chance: 78716
Merchant:
  trades_per_tick: 0.04
  given_per_tick:
    food_raw: 0.01
    stone   : 0.02
    water   : 0.01
    wood    : 0.01
  received_per_tick:
    food_raw: 0.02
    stone   : 0.00
    water   : 0.01
    wood    : 0.01
Fields:
  nodes: 0
  node_ratio: 0.97
  water_ratio: 0.77
  irrigation: 0.87
  season: 0.90
  regen: 0.79
Signals:
  critical_needs: 0.00
  idle_adults: 0.25

=== episode=40500 window=40001-40500 count=500 ===
Summary:
  avg_reward: 2955.55
  avg_steps: 900.0
  avg_births: 164.66
  avg_deaths: 17.53
  lr: 0.000138
  difficulty: 0.83
  tick: 4525
  pop: 189
Scenario mix:
  baseline        : 70 (14.0%)
  food_scarce     : 107 (21.4%)
  housing_pressure: 110 (22.0%)
  low_stockpile   : 89 (17.8%)
  water_scarce    : 124 (24.8%)
Stockpile ratios:
  avg: 0.93
  min: 0.74
  food_raw: 0.97
  stone   : 0.99
  water   : 0.78
  wood    : 0.98
Nodes ratio:
  food_raw: 0.78
  stone   : 0.96
  water   : 0.37
  wood    : 0.97
Needs avg:
  hunger: 0.15
  thirst: 0.16
Housing:
  houses: 66
  beds: 134
  ratio: 0.86
  unsheltered: 0.16
Reproduction:
  ticks: 4500
  couples_per_tick: 23.78
  fertile_per_tick: 59.98
  pregnancies_per_tick: 1.81
  cooldowns_per_tick: 5.06
  chance: 0.0025
  resource_factor: 0.81
  crowding_factor: 0.42
  morale_factor: 0.90
  season_factor: 0.93
  attempts: 78997
  successes: 167
  blocked:
    infertile: 4808
    pregnant: 8109
    cooldown: 11246
    no_resources: 0
    no_housing: 0
    chance: 78830
Merchant:
  trades_per_tick: 0.04
  given_per_tick:
    food_raw: 0.01
    stone   : 0.01
    water   : 0.01
    wood    : 0.01
  received_per_tick:
    food_raw: 0.02
    stone   : 0.00
    water   : 0.01
    wood    : 0.01
Fields:
  nodes: 0
  node_ratio: 0.98
  water_ratio: 0.78
  irrigation: 0.88
  season: 0.90
  regen: 0.80
Signals:
  critical_needs: 0.00
  idle_adults: 0.28

=== episode=41000 window=40501-41000 count=500 ===
Summary:
  avg_reward: 2936.86
  avg_steps: 900.0
  avg_births: 160.52
  avg_deaths: 17.92
  lr: 0.000136
  difficulty: 0.83
  tick: 4876
  pop: 93
Scenario mix:
  baseline        : 70 (14.0%)
  food_scarce     : 83 (16.6%)
  housing_pressure: 105 (21.0%)
  low_stockpile   : 99 (19.8%)
  water_scarce    : 143 (28.6%)
Stockpile ratios:
  avg: 0.92
  min: 0.71
  food_raw: 0.97
  stone   : 0.99
  water   : 0.74
  wood    : 0.99
Nodes ratio:
  food_raw: 0.80
  stone   : 0.96
  water   : 0.37
  wood    : 0.96
Needs avg:
  hunger: 0.15
  thirst: 0.17
Housing:
  houses: 64
  beds: 131
  ratio: 0.86
  unsheltered: 0.15
Reproduction:
  ticks: 4500
  couples_per_tick: 23.37
  fertile_per_tick: 59.18
  pregnancies_per_tick: 1.76
  cooldowns_per_tick: 4.94
  chance: 0.0025
  resource_factor: 0.81
  crowding_factor: 0.42
  morale_factor: 0.90
  season_factor: 0.93
  attempts: 76844
  successes: 163
  blocked:
    infertile: 4837
    pregnant: 7900
    cooldown: 10980
    no_resources: 0
    no_housing: 0
    chance: 76681
Merchant:
  trades_per_tick: 0.04
  given_per_tick:
    food_raw: 0.01
    stone   : 0.01
    water   : 0.01
    wood    : 0.01
  received_per_tick:
    food_raw: 0.02
    stone   : 0.00
    water   : 0.01
    wood    : 0.01
Fields:
  nodes: 0
  node_ratio: 0.99
  water_ratio: 0.74
  irrigation: 0.86
  season: 0.89
  regen: 0.77
Signals:
  critical_needs: 0.01
  idle_adults: 0.26

=== episode=41500 window=41001-41500 count=500 ===
Summary:
  avg_reward: 2944.94
  avg_steps: 900.0
  avg_births: 162.48
  avg_deaths: 17.73
  lr: 0.000134
  difficulty: 0.84
  tick: 5132
  pop: 170
Scenario mix:
  baseline        : 73 (14.6%)
  food_scarce     : 98 (19.6%)
  housing_pressure: 110 (22.0%)
  low_stockpile   : 92 (18.4%)
  water_scarce    : 127 (25.4%)
Stockpile ratios:
  avg: 0.93
  min: 0.74
  food_raw: 0.97
  stone   : 0.98
  water   : 0.78
  wood    : 0.99
Nodes ratio:
  food_raw: 0.79
  stone   : 0.96
  water   : 0.38
  wood    : 0.97
Needs avg:
  hunger: 0.15
  thirst: 0.16
Housing:
  houses: 65
  beds: 133
  ratio: 0.86
  unsheltered: 0.15
Reproduction:
  ticks: 4500
  couples_per_tick: 23.62
  fertile_per_tick: 59.82
  pregnancies_per_tick: 1.78
  cooldowns_per_tick: 5.00
  chance: 0.0025
  resource_factor: 0.81
  crowding_factor: 0.42
  morale_factor: 0.90
  season_factor: 0.93
  attempts: 78131
  successes: 165
  blocked:
    infertile: 4827
    pregnant: 8001
    cooldown: 11116
    no_resources: 0
    no_housing: 0
    chance: 77966
Merchant:
  trades_per_tick: 0.04
  given_per_tick:
    food_raw: 0.01
    stone   : 0.01
    water   : 0.01
    wood    : 0.01
  received_per_tick:
    food_raw: 0.02
    stone   : 0.00
    water   : 0.01
    wood    : 0.01
Fields:
  nodes: 0
  node_ratio: 0.98
  water_ratio: 0.78
  irrigation: 0.88
  season: 0.91
  regen: 0.80
Signals:
  critical_needs: 0.01
  idle_adults: 0.26

=== episode=42000 window=41501-42000 count=500 ===
Summary:
  avg_reward: 2926.94
  avg_steps: 900.0
  avg_births: 163.51
  avg_deaths: 17.91
  lr: 0.000132
  difficulty: 0.85
  tick: 4562
  pop: 146
Scenario mix:
  baseline        : 73 (14.6%)
  food_scarce     : 109 (21.8%)
  housing_pressure: 83 (16.6%)
  low_stockpile   : 99 (19.8%)
  water_scarce    : 136 (27.2%)
Stockpile ratios:
  avg: 0.93
  min: 0.74
  food_raw: 0.97
  stone   : 0.99
  water   : 0.78
  wood    : 0.98
Nodes ratio:
  food_raw: 0.78
  stone   : 0.96
  water   : 0.36
  wood    : 0.97
Needs avg:
  hunger: 0.15
  thirst: 0.16
Housing:
  houses: 65
  beds: 133
  ratio: 0.87
  unsheltered: 0.15
Reproduction:
  ticks: 4500
  couples_per_tick: 23.86
  fertile_per_tick: 59.78
  pregnancies_per_tick: 1.80
  cooldowns_per_tick: 5.03
  chance: 0.0025
  resource_factor: 0.81
  crowding_factor: 0.42
  morale_factor: 0.90
  season_factor: 0.93
  attempts: 78732
  successes: 166
  blocked:
    infertile: 4674
    pregnant: 8053
    cooldown: 11175
    no_resources: 0
    no_housing: 0
    chance: 78566
Merchant:
  trades_per_tick: 0.04
  given_per_tick:
    food_raw: 0.01
    stone   : 0.01
    water   : 0.01
    wood    : 0.01
  received_per_tick:
    food_raw: 0.02
    stone   : 0.00
    water   : 0.01
    wood    : 0.01
Fields:
  nodes: 0
  node_ratio: 0.96
  water_ratio: 0.78
  irrigation: 0.88
  season: 0.91
  regen: 0.80
Signals:
  critical_needs: 0.00
  idle_adults: 0.29

=== episode=42500 window=42001-42500 count=500 ===
Summary:
  avg_reward: 2959.37
  avg_steps: 900.0
  avg_births: 164.49
  avg_deaths: 16.77
  lr: 0.000130
  difficulty: 0.86
  tick: 4569
  pop: 141
Scenario mix:
  baseline        : 90 (18.0%)
  food_scarce     : 91 (18.2%)
  housing_pressure: 106 (21.2%)
  low_stockpile   : 93 (18.6%)
  water_scarce    : 120 (24.0%)
Stockpile ratios:
  avg: 0.93
  min: 0.73
  food_raw: 0.97
  stone   : 0.99
  water   : 0.77
  wood    : 0.99
Nodes ratio:
  food_raw: 0.80
  stone   : 0.97
  water   : 0.37
  wood    : 0.96
Needs avg:
  hunger: 0.15
  thirst: 0.16
Housing:
  houses: 65
  beds: 134
  ratio: 0.85
  unsheltered: 0.16
Reproduction:
  ticks: 4500
  couples_per_tick: 23.64
  fertile_per_tick: 59.88
  pregnancies_per_tick: 1.81
  cooldowns_per_tick: 5.06
  chance: 0.0025
  resource_factor: 0.82
  crowding_factor: 0.42
  morale_factor: 0.91
  season_factor: 0.93
  attempts: 78631
  successes: 167
  blocked:
    infertile: 4781
    pregnant: 8099
    cooldown: 11249
    no_resources: 0
    no_housing: 0
    chance: 78464
Merchant:
  trades_per_tick: 0.04
  given_per_tick:
    food_raw: 0.01
    stone   : 0.01
    water   : 0.01
    wood    : 0.01
  received_per_tick:
    food_raw: 0.02
    stone   : 0.00
    water   : 0.01
    wood    : 0.01
Fields:
  nodes: 0
  node_ratio: 0.99
  water_ratio: 0.77
  irrigation: 0.87
  season: 0.89
  regen: 0.79
Signals:
  critical_needs: 0.00
  idle_adults: 0.28

=== episode=43000 window=42501-43000 count=500 ===
Summary:
  avg_reward: 2950.20
  avg_steps: 900.0
  avg_births: 163.20
  avg_deaths: 17.14
  lr: 0.000128
  difficulty: 0.87
  tick: 5169
  pop: 133
Scenario mix:
  baseline        : 77 (15.4%)
  food_scarce     : 105 (21.0%)
  housing_pressure: 93 (18.6%)
  low_stockpile   : 96 (19.2%)
  water_scarce    : 129 (25.8%)
Stockpile ratios:
  avg: 0.93
  min: 0.73
  food_raw: 0.96
  stone   : 0.99
  water   : 0.77
  wood    : 0.98
Nodes ratio:
  food_raw: 0.79
  stone   : 0.96
  water   : 0.36
  wood    : 0.96
Needs avg:
  hunger: 0.15
  thirst: 0.17
Housing:
  houses: 65
  beds: 133
  ratio: 0.86
  unsheltered: 0.15
Reproduction:
  ticks: 4500
  couples_per_tick: 23.69
  fertile_per_tick: 59.75
  pregnancies_per_tick: 1.79
  cooldowns_per_tick: 5.02
  chance: 0.0025
  resource_factor: 0.81
  crowding_factor: 0.42
  morale_factor: 0.90
  season_factor: 0.93
  attempts: 78298
  successes: 165
  blocked:
    infertile: 4737
    pregnant: 8033
    cooldown: 11143
    no_resources: 0
    no_housing: 0
    chance: 78132
Merchant:
  trades_per_tick: 0.04
  given_per_tick:
    food_raw: 0.01
    stone   : 0.01
    water   : 0.01
    wood    : 0.01
  received_per_tick:
    food_raw: 0.02
    stone   : 0.00
    water   : 0.01
    wood    : 0.01
Fields:
  nodes: 0
  node_ratio: 0.98
  water_ratio: 0.77
  irrigation: 0.87
  season: 0.91
  regen: 0.80
Signals:
  critical_needs: 0.01
  idle_adults: 0.28

=== episode=43500 window=43001-43500 count=500 ===
Summary:
  avg_reward: 2944.88
  avg_steps: 900.0
  avg_births: 164.25
  avg_deaths: 17.25
  lr: 0.000126
  difficulty: 0.88
  tick: 5127
  pop: 126
Scenario mix:
  baseline        : 80 (16.0%)
  food_scarce     : 99 (19.8%)
  housing_pressure: 102 (20.4%)
  low_stockpile   : 91 (18.2%)
  water_scarce    : 128 (25.6%)
Stockpile ratios:
  avg: 0.92
  min: 0.71
  food_raw: 0.97
  stone   : 0.99
  water   : 0.75
  wood    : 0.99
Nodes ratio:
  food_raw: 0.79
  stone   : 0.96
  water   : 0.36
  wood    : 0.96
Needs avg:
  hunger: 0.15
  thirst: 0.16
Housing:
  houses: 65
  beds: 133
  ratio: 0.85
  unsheltered: 0.16
Reproduction:
  ticks: 4500
  couples_per_tick: 23.94
  fertile_per_tick: 60.45
  pregnancies_per_tick: 1.80
  cooldowns_per_tick: 5.05
  chance: 0.0025
  resource_factor: 0.81
  crowding_factor: 0.42
  morale_factor: 0.90
  season_factor: 0.93
  attempts: 78895
  successes: 166
  blocked:
    infertile: 4865
    pregnant: 8083
    cooldown: 11223
    no_resources: 0
    no_housing: 0
    chance: 78728
Merchant:
  trades_per_tick: 0.04
  given_per_tick:
    food_raw: 0.01
    stone   : 0.01
    water   : 0.01
    wood    : 0.01
  received_per_tick:
    food_raw: 0.02
    stone   : 0.00
    water   : 0.01
    wood    : 0.01
Fields:
  nodes: 0
  node_ratio: 0.98
  water_ratio: 0.75
  irrigation: 0.86
  season: 0.89
  regen: 0.77
Signals:
  critical_needs: 0.01
  idle_adults: 0.30

=== episode=44000 window=43501-44000 count=500 ===
Summary:
  avg_reward: 2940.93
  avg_steps: 900.0
  avg_births: 162.70
  avg_deaths: 18.08
  lr: 0.000124
  difficulty: 0.89
  tick: 5121
  pop: 100
Scenario mix:
  baseline        : 69 (13.8%)
  food_scarce     : 98 (19.6%)
  housing_pressure: 109 (21.8%)
  low_stockpile   : 90 (18.0%)
  water_scarce    : 134 (26.8%)
Stockpile ratios:
  avg: 0.93
  min: 0.74
  food_raw: 0.97
  stone   : 0.99
  water   : 0.78
  wood    : 0.98
Nodes ratio:
  food_raw: 0.80
  stone   : 0.97
  water   : 0.36
  wood    : 0.96
Needs avg:
  hunger: 0.15
  thirst: 0.16
Housing:
  houses: 65
  beds: 133
  ratio: 0.87
  unsheltered: 0.15
Reproduction:
  ticks: 4500
  couples_per_tick: 23.62
  fertile_per_tick: 59.85
  pregnancies_per_tick: 1.79
  cooldowns_per_tick: 5.00
  chance: 0.0025
  resource_factor: 0.81
  crowding_factor: 0.42
  morale_factor: 0.90
  season_factor: 0.93
  attempts: 77788
  successes: 165
  blocked:
    infertile: 4712
    pregnant: 8013
    cooldown: 11123
    no_resources: 0
    no_housing: 0
    chance: 77622
Merchant:
  trades_per_tick: 0.04
  given_per_tick:
    food_raw: 0.01
    stone   : 0.01
    water   : 0.01
    wood    : 0.01
  received_per_tick:
    food_raw: 0.02
    stone   : 0.00
    water   : 0.01
    wood    : 0.01
Fields:
  nodes: 0
  node_ratio: 0.98
  water_ratio: 0.78
  irrigation: 0.88
  season: 0.90
  regen: 0.79
Signals:
  critical_needs: 0.00
  idle_adults: 0.29

=== episode=44500 window=44001-44500 count=500 ===
Summary:
  avg_reward: 2945.84
  avg_steps: 900.0
  avg_births: 162.64
  avg_deaths: 17.29
  lr: 0.000122
  difficulty: 0.90
  tick: 4669
  pop: 199
Scenario mix:
  baseline        : 63 (12.6%)
  food_scarce     : 107 (21.4%)
  housing_pressure: 107 (21.4%)
  low_stockpile   : 103 (20.6%)
  water_scarce    : 120 (24.0%)
Stockpile ratios:
  avg: 0.93
  min: 0.73
  food_raw: 0.96
  stone   : 0.99
  water   : 0.78
  wood    : 0.99
Nodes ratio:
  food_raw: 0.78
  stone   : 0.96
  water   : 0.38
  wood    : 0.96
Needs avg:
  hunger: 0.15
  thirst: 0.17
Housing:
  houses: 65
  beds: 133
  ratio: 0.86
  unsheltered: 0.15
Reproduction:
  ticks: 4500
  couples_per_tick: 23.60
  fertile_per_tick: 59.42
  pregnancies_per_tick: 1.79
  cooldowns_per_tick: 5.00
  chance: 0.0025
  resource_factor: 0.81
  crowding_factor: 0.42
  morale_factor: 0.90
  season_factor: 0.93
  attempts: 78070
  successes: 165
  blocked:
    infertile: 4798
    pregnant: 8007
    cooldown: 11120
    no_resources: 0
    no_housing: 0
    chance: 77905
Merchant:
  trades_per_tick: 0.04
  given_per_tick:
    food_raw: 0.01
    stone   : 0.01
    water   : 0.01
    wood    : 0.01
  received_per_tick:
    food_raw: 0.02
    stone   : 0.00
    water   : 0.01
    wood    : 0.01
Fields:
  nodes: 0
  node_ratio: 0.98
  water_ratio: 0.78
  irrigation: 0.88
  season: 0.90
  regen: 0.80
Signals:
  critical_needs: 0.01
  idle_adults: 0.28

=== episode=45000 window=44501-45000 count=500 ===
Summary:
  avg_reward: 2956.33
  avg_steps: 900.0
  avg_births: 165.60
  avg_deaths: 16.65
  lr: 0.000120
  difficulty: 0.91
  tick: 4860
  pop: 183
Scenario mix:
  baseline        : 67 (13.4%)
  food_scarce     : 117 (23.4%)
  housing_pressure: 94 (18.8%)
  low_stockpile   : 104 (20.8%)
  water_scarce    : 118 (23.6%)
Stockpile ratios:
  avg: 0.92
  min: 0.72
  food_raw: 0.97
  stone   : 0.99
  water   : 0.76
  wood    : 0.98
Nodes ratio:
  food_raw: 0.78
  stone   : 0.96
  water   : 0.37
  wood    : 0.96
Needs avg:
  hunger: 0.15
  thirst: 0.17
Housing:
  houses: 66
  beds: 134
  ratio: 0.85
  unsheltered: 0.16
Reproduction:
  ticks: 4500
  couples_per_tick: 23.96
  fertile_per_tick: 60.49
  pregnancies_per_tick: 1.82
  cooldowns_per_tick: 5.09
  chance: 0.0025
  resource_factor: 0.81
  crowding_factor: 0.42
  morale_factor: 0.90
  season_factor: 0.93
  attempts: 79494
  successes: 168
  blocked:
    infertile: 4748
    pregnant: 8157
    cooldown: 11316
    no_resources: 0
    no_housing: 0
    chance: 79326
Merchant:
  trades_per_tick: 0.04
  given_per_tick:
    food_raw: 0.01
    stone   : 0.01
    water   : 0.01
    wood    : 0.01
  received_per_tick:
    food_raw: 0.02
    stone   : 0.00
    water   : 0.01
    wood    : 0.01
Fields:
  nodes: 0
  node_ratio: 0.97
  water_ratio: 0.76
  irrigation: 0.87
  season: 0.90
  regen: 0.79
Signals:
  critical_needs: 0.00
  idle_adults: 0.26

=== episode=45500 window=45001-45500 count=500 ===
Summary:
  avg_reward: 2961.07
  avg_steps: 900.0
  avg_births: 164.34
  avg_deaths: 17.19
  lr: 0.000118
  difficulty: 0.92
  tick: 4504
  pop: 148
Scenario mix:
  baseline        : 79 (15.8%)
  food_scarce     : 106 (21.2%)
  housing_pressure: 108 (21.6%)
  low_stockpile   : 96 (19.2%)
  water_scarce    : 111 (22.2%)
Stockpile ratios:
  avg: 0.94
  min: 0.78
  food_raw: 0.96
  stone   : 0.99
  water   : 0.82
  wood    : 0.99
Nodes ratio:
  food_raw: 0.79
  stone   : 0.96
  water   : 0.38
  wood    : 0.96
Needs avg:
  hunger: 0.15
  thirst: 0.16
Housing:
  houses: 65
  beds: 134
  ratio: 0.85
  unsheltered: 0.16
Reproduction:
  ticks: 4500
  couples_per_tick: 23.71
  fertile_per_tick: 59.84
  pregnancies_per_tick: 1.81
  cooldowns_per_tick: 5.05
  chance: 0.0025
  resource_factor: 0.81
  crowding_factor: 0.42
  morale_factor: 0.90
  season_factor: 0.93
  attempts: 78805
  successes: 167
  blocked:
    infertile: 4809
    pregnant: 8097
    cooldown: 11233
    no_resources: 0
    no_housing: 0
    chance: 78638
Merchant:
  trades_per_tick: 0.04
  given_per_tick:
    food_raw: 0.01
    stone   : 0.01
    water   : 0.01
    wood    : 0.01
  received_per_tick:
    food_raw: 0.02
    stone   : 0.00
    water   : 0.01
    wood    : 0.01
Fields:
  nodes: 0
  node_ratio: 0.98
  water_ratio: 0.82
  irrigation: 0.90
  season: 0.90
  regen: 0.81
Signals:
  critical_needs: 0.00
  idle_adults: 0.30

=== episode=46000 window=45501-46000 count=500 ===
Summary:
  avg_reward: 2942.60
  avg_steps: 900.0
  avg_births: 163.88
  avg_deaths: 18.32
  lr: 0.000116
  difficulty: 0.93
  tick: 4793
  pop: 190
Scenario mix:
  baseline        : 79 (15.8%)
  food_scarce     : 94 (18.8%)
  housing_pressure: 103 (20.6%)
  low_stockpile   : 88 (17.6%)
  water_scarce    : 136 (27.2%)
Stockpile ratios:
  avg: 0.93
  min: 0.75
  food_raw: 0.97
  stone   : 0.99
  water   : 0.77
  wood    : 0.99
Nodes ratio:
  food_raw: 0.79
  stone   : 0.97
  water   : 0.35
  wood    : 0.97
Needs avg:
  hunger: 0.15
  thirst: 0.17
Housing:
  houses: 65
  beds: 134
  ratio: 0.87
  unsheltered: 0.15
Reproduction:
  ticks: 4500
  couples_per_tick: 23.88
  fertile_per_tick: 60.17
  pregnancies_per_tick: 1.80
  cooldowns_per_tick: 5.04
  chance: 0.0025
  resource_factor: 0.81
  crowding_factor: 0.42
  morale_factor: 0.90
  season_factor: 0.93
  attempts: 78591
  successes: 166
  blocked:
    infertile: 4748
    pregnant: 8074
    cooldown: 11197
    no_resources: 0
    no_housing: 0
    chance: 78424
Merchant:
  trades_per_tick: 0.04
  given_per_tick:
    food_raw: 0.01
    stone   : 0.01
    water   : 0.01
    wood    : 0.01
  received_per_tick:
    food_raw: 0.02
    stone   : 0.00
    water   : 0.01
    wood    : 0.01
Fields:
  nodes: 0
  node_ratio: 0.98
  water_ratio: 0.77
  irrigation: 0.88
  season: 0.90
  regen: 0.79
Signals:
  critical_needs: 0.01
  idle_adults: 0.31

=== episode=46500 window=46001-46500 count=500 ===
Summary:
  avg_reward: 2959.22
  avg_steps: 900.0
  avg_births: 165.74
  avg_deaths: 16.84
  lr: 0.000114
  difficulty: 0.94
  tick: 4955
  pop: 144
Scenario mix:
  baseline        : 97 (19.4%)
  food_scarce     : 97 (19.4%)
  housing_pressure: 91 (18.2%)
  low_stockpile   : 97 (19.4%)
  water_scarce    : 118 (23.6%)
Stockpile ratios:
  avg: 0.93
  min: 0.74
  food_raw: 0.97
  stone   : 0.98
  water   : 0.78
  wood    : 0.98
Nodes ratio:
  food_raw: 0.79
  stone   : 0.97
  water   : 0.36
  wood    : 0.96
Needs avg:
  hunger: 0.15
  thirst: 0.16
Housing:
  houses: 66
  beds: 135
  ratio: 0.86
  unsheltered: 0.16
Reproduction:
  ticks: 4500
  couples_per_tick: 23.93
  fertile_per_tick: 60.21
  pregnancies_per_tick: 1.82
  cooldowns_per_tick: 5.10
  chance: 0.0025
  resource_factor: 0.81
  crowding_factor: 0.42
  morale_factor: 0.90
  season_factor: 0.93
  attempts: 79608
  successes: 168
  blocked:
    infertile: 4730
    pregnant: 8163
    cooldown: 11342
    no_resources: 0
    no_housing: 0
    chance: 79439
Merchant:
  trades_per_tick: 0.04
  given_per_tick:
    food_raw: 0.01
    stone   : 0.01
    water   : 0.01
    wood    : 0.01
  received_per_tick:
    food_raw: 0.02
    stone   : 0.00
    water   : 0.01
    wood    : 0.01
Fields:
  nodes: 0
  node_ratio: 0.99
  water_ratio: 0.78
  irrigation: 0.88
  season: 0.89
  regen: 0.79
Signals:
  critical_needs: 0.00
  idle_adults: 0.29

=== episode=47000 window=46501-47000 count=500 ===
Summary:
  avg_reward: 2952.36
  avg_steps: 900.0
  avg_births: 163.67
  avg_deaths: 17.17
  lr: 0.000112
  difficulty: 0.94
  tick: 4767
  pop: 159
Scenario mix:
  baseline        : 70 (14.0%)
  food_scarce     : 96 (19.2%)
  housing_pressure: 99 (19.8%)
  low_stockpile   : 101 (20.2%)
  water_scarce    : 134 (26.8%)
Stockpile ratios:
  avg: 0.93
  min: 0.72
  food_raw: 0.98
  stone   : 0.99
  water   : 0.75
  wood    : 0.99
Nodes ratio:
  food_raw: 0.78
  stone   : 0.96
  water   : 0.36
  wood    : 0.96
Needs avg:
  hunger: 0.15
  thirst: 0.17
Housing:
  houses: 65
  beds: 134
  ratio: 0.86
  unsheltered: 0.15
Reproduction:
  ticks: 4500
  couples_per_tick: 23.83
  fertile_per_tick: 60.00
  pregnancies_per_tick: 1.80
  cooldowns_per_tick: 5.03
  chance: 0.0025
  resource_factor: 0.81
  crowding_factor: 0.42
  morale_factor: 0.90
  season_factor: 0.93
  attempts: 78875
  successes: 166
  blocked:
    infertile: 4759
    pregnant: 8066
    cooldown: 11199
    no_resources: 0
    no_housing: 0
    chance: 78709
Merchant:
  trades_per_tick: 0.04
  given_per_tick:
    food_raw: 0.01
    stone   : 0.01
    water   : 0.01
    wood    : 0.01
  received_per_tick:
    food_raw: 0.02
    stone   : 0.00
    water   : 0.01
    wood    : 0.01
Fields:
  nodes: 0
  node_ratio: 0.99
  water_ratio: 0.75
  irrigation: 0.86
  season: 0.91
  regen: 0.79
Signals:
  critical_needs: 0.01
  idle_adults: 0.28

=== episode=47500 window=47001-47500 count=500 ===
Summary:
  avg_reward: 2951.80
  avg_steps: 900.0
  avg_births: 163.59
  avg_deaths: 17.93
  lr: 0.000110
  difficulty: 0.95
  tick: 4837
  pop: 139
Scenario mix:
  baseline        : 85 (17.0%)
  food_scarce     : 84 (16.8%)
  housing_pressure: 108 (21.6%)
  low_stockpile   : 93 (18.6%)
  water_scarce    : 130 (26.0%)
Stockpile ratios:
  avg: 0.93
  min: 0.73
  food_raw: 0.96
  stone   : 0.99
  water   : 0.78
  wood    : 0.98
Nodes ratio:
  food_raw: 0.79
  stone   : 0.95
  water   : 0.37
  wood    : 0.97
Needs avg:
  hunger: 0.15
  thirst: 0.16
Housing:
  houses: 65
  beds: 134
  ratio: 0.87
  unsheltered: 0.15
Reproduction:
  ticks: 4500
  couples_per_tick: 23.69
  fertile_per_tick: 59.87
  pregnancies_per_tick: 1.80
  cooldowns_per_tick: 5.03
  chance: 0.0025
  resource_factor: 0.81
  crowding_factor: 0.42
  morale_factor: 0.90
  season_factor: 0.93
  attempts: 78274
  successes: 166
  blocked:
    infertile: 4792
    pregnant: 8052
    cooldown: 11186
    no_resources: 0
    no_housing: 0
    chance: 78108
Merchant:
  trades_per_tick: 0.04
  given_per_tick:
    food_raw: 0.01
    stone   : 0.01
    water   : 0.01
    wood    : 0.01
  received_per_tick:
    food_raw: 0.02
    stone   : 0.00
    water   : 0.01
    wood    : 0.01
Fields:
  nodes: 0
  node_ratio: 0.98
  water_ratio: 0.78
  irrigation: 0.88
  season: 0.90
  regen: 0.80
Signals:
  critical_needs: 0.00
  idle_adults: 0.26

=== episode=48000 window=47501-48000 count=500 ===
Summary:
  avg_reward: 2950.48
  avg_steps: 900.0
  avg_births: 165.13
  avg_deaths: 17.94
  lr: 0.000108
  difficulty: 0.96
  tick: 4541
  pop: 169
Scenario mix:
  baseline        : 66 (13.2%)
  food_scarce     : 95 (19.0%)
  housing_pressure: 109 (21.8%)
  low_stockpile   : 99 (19.8%)
  water_scarce    : 131 (26.2%)
Stockpile ratios:
  avg: 0.93
  min: 0.75
  food_raw: 0.97
  stone   : 0.99
  water   : 0.78
  wood    : 0.99
Nodes ratio:
  food_raw: 0.78
  stone   : 0.96
  water   : 0.35
  wood    : 0.96
Needs avg:
  hunger: 0.15
  thirst: 0.16
Housing:
  houses: 66
  beds: 134
  ratio: 0.86
  unsheltered: 0.15
Reproduction:
  ticks: 4500
  couples_per_tick: 24.08
  fertile_per_tick: 60.81
  pregnancies_per_tick: 1.81
  cooldowns_per_tick: 5.08
  chance: 0.0025
  resource_factor: 0.81
  crowding_factor: 0.42
  morale_factor: 0.90
  season_factor: 0.93
  attempts: 79695
  successes: 167
  blocked:
    infertile: 4728
    pregnant: 8131
    cooldown: 11294
    no_resources: 0
    no_housing: 0
    chance: 79527
Merchant:
  trades_per_tick: 0.04
  given_per_tick:
    food_raw: 0.01
    stone   : 0.01
    water   : 0.01
    wood    : 0.01
  received_per_tick:
    food_raw: 0.02
    stone   : 0.00
    water   : 0.01
    wood    : 0.01
Fields:
  nodes: 0
  node_ratio: 0.98
  water_ratio: 0.78
  irrigation: 0.88
  season: 0.90
  regen: 0.80
Signals:
  critical_needs: 0.00
  idle_adults: 0.30

=== episode=48500 window=48001-48500 count=500 ===
Summary:
  avg_reward: 2949.96
  avg_steps: 900.0
  avg_births: 163.64
  avg_deaths: 17.19
  lr: 0.000106
  difficulty: 0.97
  tick: 4610
  pop: 177
Scenario mix:
  baseline        : 67 (13.4%)
  food_scarce     : 108 (21.6%)
  housing_pressure: 101 (20.2%)
  low_stockpile   : 104 (20.8%)
  water_scarce    : 120 (24.0%)
Stockpile ratios:
  avg: 0.93
  min: 0.75
  food_raw: 0.97
  stone   : 0.99
  water   : 0.77
  wood    : 0.99
Nodes ratio:
  food_raw: 0.78
  stone   : 0.97
  water   : 0.37
  wood    : 0.97
Needs avg:
  hunger: 0.15
  thirst: 0.17
Housing:
  houses: 65
  beds: 134
  ratio: 0.86
  unsheltered: 0.15
Reproduction:
  ticks: 4500
  couples_per_tick: 23.80
  fertile_per_tick: 59.96
  pregnancies_per_tick: 1.80
  cooldowns_per_tick: 5.03
  chance: 0.0025
  resource_factor: 0.81
  crowding_factor: 0.42
  morale_factor: 0.90
  season_factor: 0.93
  attempts: 78759
  successes: 166
  blocked:
    infertile: 4745
    pregnant: 8059
    cooldown: 11187
    no_resources: 0
    no_housing: 0
    chance: 78592
Merchant:
  trades_per_tick: 0.04
  given_per_tick:
    food_raw: 0.01
    stone   : 0.01
    water   : 0.01
    wood    : 0.01
  received_per_tick:
    food_raw: 0.02
    stone   : 0.00
    water   : 0.01
    wood    : 0.01
Fields:
  nodes: 0
  node_ratio: 0.98
  water_ratio: 0.77
  irrigation: 0.87
  season: 0.90
  regen: 0.79
Signals:
  critical_needs: 0.00
  idle_adults: 0.33

=== episode=49000 window=48501-49000 count=500 ===
Summary:
  avg_reward: 2942.42
  avg_steps: 900.0
  avg_births: 162.62
  avg_deaths: 17.61
  lr: 0.000104
  difficulty: 0.98
  tick: 4666
  pop: 196
Scenario mix:
  baseline        : 85 (17.0%)
  food_scarce     : 101 (20.2%)
  housing_pressure: 86 (17.2%)
  low_stockpile   : 93 (18.6%)
  water_scarce    : 135 (27.0%)
Stockpile ratios:
  avg: 0.93
  min: 0.73
  food_raw: 0.97
  stone   : 0.99
  water   : 0.77
  wood    : 0.99
Nodes ratio:
  food_raw: 0.79
  stone   : 0.95
  water   : 0.37
  wood    : 0.96
Needs avg:
  hunger: 0.15
  thirst: 0.17
Housing:
  houses: 65
  beds: 134
  ratio: 0.87
  unsheltered: 0.15
Reproduction:
  ticks: 4500
  couples_per_tick: 23.59
  fertile_per_tick: 59.45
  pregnancies_per_tick: 1.79
  cooldowns_per_tick: 5.00
  chance: 0.0025
  resource_factor: 0.81
  crowding_factor: 0.42
  morale_factor: 0.90
  season_factor: 0.93
  attempts: 77808
  successes: 165
  blocked:
    infertile: 4710
    pregnant: 8008
    cooldown: 11115
    no_resources: 0
    no_housing: 0
    chance: 77643
Merchant:
  trades_per_tick: 0.04
  given_per_tick:
    food_raw: 0.01
    stone   : 0.01
    water   : 0.01
    wood    : 0.01
  received_per_tick:
    food_raw: 0.02
    stone   : 0.00
    water   : 0.01
    wood    : 0.01
Fields:
  nodes: 0
  node_ratio: 0.99
  water_ratio: 0.77
  irrigation: 0.87
  season: 0.90
  regen: 0.79
Signals:
  critical_needs: 0.01
  idle_adults: 0.26

=== episode=49500 window=49001-49500 count=500 ===
Summary:
  avg_reward: 2945.68
  avg_steps: 900.0
  avg_births: 162.97
  avg_deaths: 18.13
  lr: 0.000102
  difficulty: 0.99
  tick: 4878
  pop: 101
Scenario mix:
  baseline        : 68 (13.6%)
  food_scarce     : 105 (21.0%)
  housing_pressure: 100 (20.0%)
  low_stockpile   : 86 (17.2%)
  water_scarce    : 141 (28.2%)
Stockpile ratios:
  avg: 0.92
  min: 0.71
  food_raw: 0.97
  stone   : 0.99
  water   : 0.75
  wood    : 0.98
Nodes ratio:
  food_raw: 0.80
  stone   : 0.97
  water   : 0.36
  wood    : 0.97
Needs avg:
  hunger: 0.15
  thirst: 0.17
Housing:
  houses: 65
  beds: 134
  ratio: 0.87
  unsheltered: 0.15
Reproduction:
  ticks: 4500
  couples_per_tick: 23.88
  fertile_per_tick: 60.07
  pregnancies_per_tick: 1.79
  cooldowns_per_tick: 5.01
  chance: 0.0025
  resource_factor: 0.81
  crowding_factor: 0.42
  morale_factor: 0.90
  season_factor: 0.93
  attempts: 78622
  successes: 165
  blocked:
    infertile: 4798
    pregnant: 8023
    cooldown: 11143
    no_resources: 0
    no_housing: 0
    chance: 78457
Merchant:
  trades_per_tick: 0.04
  given_per_tick:
    food_raw: 0.01
    stone   : 0.01
    water   : 0.01
    wood    : 0.01
  received_per_tick:
    food_raw: 0.02
    stone   : 0.00
    water   : 0.01
    wood    : 0.01
Fields:
  nodes: 0
  node_ratio: 0.98
  water_ratio: 0.75
  irrigation: 0.86
  season: 0.89
  regen: 0.77
Signals:
  critical_needs: 0.00
  idle_adults: 0.28

=== episode=50000 window=49501-50000 count=500 ===
Summary:
  avg_reward: 2945.87
  avg_steps: 900.0
  avg_births: 163.44
  avg_deaths: 17.40
  lr: 0.000100
  difficulty: 1.00
  tick: 4535
  pop: 192
Scenario mix:
  baseline        : 79 (15.8%)
  food_scarce     : 93 (18.6%)
  housing_pressure: 103 (20.6%)
  low_stockpile   : 99 (19.8%)
  water_scarce    : 126 (25.2%)
Stockpile ratios:
  avg: 0.93
  min: 0.73
  food_raw: 0.97
  stone   : 0.99
  water   : 0.77
  wood    : 0.99
Nodes ratio:
  food_raw: 0.79
  stone   : 0.97
  water   : 0.36
  wood    : 0.97
Needs avg:
  hunger: 0.15
  thirst: 0.16
Housing:
  houses: 66
  beds: 134
  ratio: 0.87
  unsheltered: 0.15
Reproduction:
  ticks: 4500
  couples_per_tick: 23.77
  fertile_per_tick: 59.77
  pregnancies_per_tick: 1.79
  cooldowns_per_tick: 5.03
  chance: 0.0025
  resource_factor: 0.81
  crowding_factor: 0.42
  morale_factor: 0.90
  season_factor: 0.93
  attempts: 78771
  successes: 166
  blocked:
    infertile: 4715
    pregnant: 8049
    cooldown: 11186
    no_resources: 0
    no_housing: 0
    chance: 78605
Merchant:
  trades_per_tick: 0.04
  given_per_tick:
    food_raw: 0.01
    stone   : 0.01
    water   : 0.01
    wood    : 0.01
  received_per_tick:
    food_raw: 0.02
    stone   : 0.00
    water   : 0.01
    wood    : 0.01
Fields:
  nodes: 0
  node_ratio: 0.98
  water_ratio: 0.77
  irrigation: 0.88
  season: 0.92
  regen: 0.80
Signals:
  critical_needs: 0.01
  idle_adults: 0.28
